publishedAt,clean_text,sentiment
2025-01-18T18:29:54Z,President Trump please dont stop the music Its easy to take for granted the convenience afforded to us now During the recent snowstorm in Washington DC I recall wondering beforehand whether I should stock up at a grocery store to ensure I had enough food or purchase flashlights and batteries i Its easy to take for granted the convenience afforded to us now During the recent snowstorm in Washington DC I recall wondering beforehand whether I should stock up at a grocery store to ensur 3934 chars,positive
2025-01-18T18:27:15Z,MLK Day 2025 Will the US stock market remain open or is it a federal holiday Apart from the USA Martin Luther King Jr Day is celebrated in other countries such as Canada Israel and the Netherlands The US stock markets will observe a closure on Monday January 20 2025 in commemoration of Martin Luther King Jr Day a federal holiday The holiday was officially signed into law by President R 2813 chars,positive
2025-01-18T18:17:33Z,Veteran analyst expects Switch 2 to be a massive success but doesnt see it matching the outlier that was the Switch 1 It could happen but its not likely Lightning doesnt strike twice The Nintendo Switch 2 was officially announced this week but one analyst we spoke to doesnt think it will reach the same lofty heights as its predecessor Switch 2 can and I expect it to be a m 3969 chars,positive
2025-01-18T18:16:47Z,Two Stock Ideas for the New Trump Era Dont Wait for a Correction to Join a Bull Market If youre interested in investing youre likely familiar with Warren Buffets famous quote from his 1986 Chairmans letter Be fearful when others are greedy and greedy when others are fearful But there is Dont Wait for a Correction to Join a Bull MarketIf youre interested in investing youre likely familiar with Warren Buffets famous quote from his 1986 Chairmans letter Be fearful when others are gre 137 chars,negative
2025-01-18T18:14:52Z,Only One Group Has Shown Consistent Relative Strength For The Past Year When I look back at leading industry groups for the past day week month 3month 6month and 1year periods only one industry group has been among the Top 20 industry groups for each of those 6 different periods Its a group that I liked heading into 20 When I look back at leading industry groups for the past day week month 3month 6month and 1year periods only one industry group has been among the Top 20 industry groups for each of those 6 4424 chars,positive
2025-01-18T17:43:07Z,Jim Cramers Market Outlook Strong Earnings Trump Inauguration and Whats Next for Investors Top banks reported strong earnings this week with impressive results from Wells Fargo Company NYSEWFC and Goldman Sachs Group Inc NYSEGS Despite significant gains in their stock prices analysts believe these banks still have room for growth than Top banks reported strong earnings this week with impressive results from Wells Fargo amp Company NYSEWFC and Goldman Sachs Group Inc NYSEGSDespite significant gains in their stock prices 150 chars,positive
2025-01-18T17:35:35Z,Financial Education and Economic Development Financial education is an essential component for the economic and social development of nations In an increasingly interconnected world understanding how personal finances and markets operate is an indispensable skill for individuals and economies alike H Financial education is an essential component for the economic and social development of nations In an increasingly interconnected world understanding how personal finances and markets operate is a 4570 chars,neutral
2025-01-18T17:24:35Z,Why Are Analysts Bullish On StoneCo Ltd STNE Now We recently compiled a list of the 12 Best Software Stocks to Buy According to Analysts In this article we are going to take a look at where StoneCo Ltd We recently compiled a list of the 12 Best Software Stocks to Buy According to Analysts In this article we are going to take a look at where StoneCo Ltd NASDAQSTNE stands against the other soft 6123 chars,positive
2025-01-18T17:22:36Z,Why Are Analysts Bullish On WEBTOON Entertainment Inc WBTN Now We recently compiled a list of the 12 Best Software Stocks to Buy According to Analysts In this article we are going to take a look at where WEBTOON We recently compiled a list of the 12 Best Software Stocks to Buy According to Analysts In this article we are going to take a look at where WEBTOON Entertainment Inc NASDAQWBTN stands against 5289 chars,positive
2025-01-18T17:20:21Z,Why Are Analysts Bullish On PagSeguro Digital Ltd PAGS Now We recently compiled a list of the 12 Best Software Stocks to Buy According to Analysts In this article we are going to take a look at where PagSeguro We recently compiled a list of the 12 Best Software Stocks to Buy According to Analysts In this article we are going to take a look at where PagSeguro Digital Ltd NYSEPAGS stands against the ot 5520 chars,positive
2025-01-18T17:14:17Z,Why Are Analysts Bullish On Alight Inc ALIT Now We recently compiled a list of the 12 Best Software Stocks to Buy According to Analysts In this article we are going to take a look at where Alight Inc We recently compiled a list of the 12 Best Software Stocks to Buy According to Analysts In this article we are going to take a look at where Alight Inc NYSEALIT stands against the other softwa 6554 chars,positive
2025-01-18T17:08:31Z,Why Are Analysts Bullish On Jamf Holding Corp JAMF Now We recently compiled a list of the 12 Best Software Stocks to Buy According to Analysts In this article we are going to take a look at where Jamf Holding We recently compiled a list of the 12 Best Software Stocks to Buy According to Analysts In this article we are going to take a look at where Jamf Holding Corp NASDAQJAMF stands against the othe 5935 chars,positive
2025-01-18T17:04:27Z,MLK Day Whats open and closed Will banks post offices and grocery stores remain closed The first Martin Luther King Jr Day was celebrated on Jan 20 1986 Martin Luther King Jr Day observed on Monday January 20 2025 is a federal holiday commemorating the life and legacy of Dr Martin Luther King Jr a pivotal figure in the civil rights movement 2811 chars,positive
2025-01-18T17:00:00Z,How Buffett and Munger helped Americans become savvy investors A new book reveals the winning strategies of investment gurus Warren Buffett and Charlie Munger Warren Buffett always wanted to make money As a child growing up in Omaha Neb he traded CocaCola and chewing gum with other kids sold stamps and golf balls to adults and worked in his dads gro 5462 chars,positive
2025-01-18T17:00:00Z,How Buffett and Munger helped Americans become savvy investors A new book reveals the winning strategies of investment gurus Warren Buffett and Charlie Munger Warren Buffett always wanted to make money As a child growing up in Omaha Neb he traded CocaCola and chewing gum with other kids sold stamps and golf balls to adults and worked in his dads gro 5462 chars,positive
2025-01-18T16:59:31Z,Should You Buy Ethereum While Its Under 3500 As of Jan 16 the Ethereum CRYPTO ETH cryptocurrency had gained 37 in a year It was a wild ride along the way however with coin prices ranging from 2220 to 4070 All told the secondlargest name in crypto barely managed to outperform a stellar sh As of Jan 16 the Ethereum CRYPTO ETH cryptocurrency had gained 37 in a year It was a wild ride along the way however with coin prices ranging from 2220 to 4070 All told the secondlarg 153 chars,positive
2025-01-18T16:58:18Z,Broadcom Goldman Sachs Lead 5 Stocks In Buy Areas With This Bullish Base Broadcom is one of three AI plays on this weekends watchlist Broadcom AVGO and Goldman Sachs GS lead this weekends watch list of five stocks above traditional or early buy points all of which have etched out flat bases that signal resilience in a choppy 6401 chars,positive
2025-01-18T16:52:00Z,CELH DEADLINE ALERT ROSEN A GLOBALLY RESPECTED LAW FIRM Encourages Celsius Holdings Inc Investors to Secure Counsel Before Important January 21 Deadline in Securities Class Action CELH NEW YORK Jan 18 2025 GLOBE NEWSWIRE WHY Rosen Law Firm a global investor rights law firm reminds purchasers of common stock and sellers of puts of Celsius Holdings Inc NASDAQ CELH between February 29 2024 and September 4 2024 both dates inc NEW YORK Jan 18 2025 GLOBE NEWSWIRE WHY Rosen Law Firm a global investor rights law firm reminds purchasers of common stock and sellers of puts of Celsius Holdings Inc NASDAQ CELH b 4156 chars,positive
2025-01-18T16:28:47Z,My First Love on Four Wheels A 1988 BMW 325iC Cabrio Story Thaaaat leads to your door sang my new 88 BMW 325iC spiritually with Sir Paul filling my ears with mutual emotion whilst I injected my lungs with the inviting refinement of charismaticallyaged yet stunningly clean First published by Thaaaat leads to your door sang my new 88 BMW 325iC spiritually with Sir Paul filling my ears with mutual emotion whilst I injected my lungs with the inviting refinement of charismaticallyaged 12955 chars,positive
2025-01-18T16:18:53Z,Truist Financial Co NYSETFC Shares Sold by Assenagon Asset Management SA Assenagon Asset Management SA trimmed its holdings in shares of Truist Financial Co NYSETFC Free Report by 823 during the fourth quarter according to the company in its most recent Form 13F filing with the SEC The fund owned 374485 shares of the Assenagon Asset Management SA trimmed its holdings in shares of Truist Financial Co NYSETFC Free Report by 823 during the fourth quarter according to the company in its most recent Form 13 6690 chars,positive
2025-01-18T16:15:19Z,Todays news in a nutshell KATHMANDU Khabarhub brings you a glimpse of major developments of the day in Nepal including politics businesseconomy sports entertainment and more Prachanda declares Maoist Centre will emerge as first party in 2027 local elections Former Prime Minist KATHMANDU Khabarhub brings you a glimpse of major developments of the day in Nepal including politics businesseconomy sports entertainment and more Prachanda declares Maoist Centre will emer 3416 chars,positive
2025-01-18T16:11:00Z,Bond funds are offering a double whammy for investors Many of these funds are trading at deep discounts and may have tempting distribution yields These funds are worth a closer look Getty Images Closedend bond funds long a staple investment for retirees and those seeking income from their investments have been left in a firesale enviro 4784 chars,positive
2025-01-18T15:59:38Z,Even before TikToks troubles Chinese companies were wary of Washington According to investors and experts companies with ties to China are now facing increased regulatory and political scrutiny leading some to reconsider doing business or going public in the US None want to face the same challenges as TikTok which spent year Chinese tech companies long looked to the United States as a key market and source of investment Firms like ByteDance the company behind TikTok courted major American investment firms like General 4184 chars,positive
2025-01-18T15:54:56Z,Why Is Universal Corporation UVV Among Louis Navelliers Top Longterm Stock Picks We recently compiled a list of the Louis Navelliers Top 15 LongTerm Stock Picks In this article we are going to take a look at where Universal We recently compiled a list of the Louis Navelliers Top 15 LongTerm Stock Picks In this article we are going to take a look at where Universal Corporation NYSEUVV stands against the other stoc 4600 chars,positive
2025-01-18T15:53:18Z,Stockmarket rally depends on answer to this real question about bond yields MarketWatch Stockmarket rally depends on answer to this real question about bond yieldsMarketWatch Trump inauguration trades The sectors that could win in the early daysCNBC Trumps Presidency Comes With High Expectations The Fallout for TikTok XRP Stock Markets a The Fine Print The following comments are owned by whoever posted them We are not responsible for them in any way,positive
2025-01-18T15:47:18Z,Thurston Springer Miller Herd Titak Inc Raises Position in Truist Financial Co NYSETFC Thurston Springer Miller Herd Titak Inc increased its stake in Truist Financial Co NYSETFC Free Report by 487 during the fourth quarter according to the company in its most recent 13F filing with the SEC The firm owned 2963 shares of the insuran Thurston Springer Miller Herd amp Titak Inc increased its stake in Truist Financial Co NYSETFC Free Report by 487 during the fourth quarter according to the company in its most recent 13F 6193 chars,positive
2025-01-18T15:42:07Z,2 Top Tech Stocks to Buy in January 2025 is off to a robust start Last months inflation rates were modest and the three largest stock market indexes were up year to date as of Jan 16 The stock market has generally soared recently with tech stocks leading the charge in this bull market Ho 2025 is off to a robust start Last months inflation rates were modest and the three largest stock market indexes were up year to date as of Jan 16 The stock market has generally soared recently 146 chars,positive
2025-01-18T15:41:52Z,These Were the 5 WorstPerforming Stocks in the SP 500 in 2024 Returning 25 in 2024 the SP 500 delivered a recordbreaking year for stock market investors A resilient global economy coupled with interest rate cuts by the Federal Reserve continues to fuel optimism toward a strong outlook Investors have also cheered r Returning 25 in 2024 the SampP 500 delivered a recordbreaking year for stock market investors A resilient global economy coupled with interest rate cuts by the Federal Reserve continues to fuel 150 chars,positive
2025-01-18T15:41:39Z,Biden vs Trump Who Had the Better Stock Market Stocks rose on Friday capping off a strong run for markets under President Joe Biden and putting equities near record highs ahead of Donald Trumps inauguration on Monday The SP 500 rose 1 on Friday putting it up 58 since Joe Bidens inauguration on Jan Stocks rose on Friday capping off a strong run for markets under President Joe Biden and putting equities near record highs ahead of Donald Trumps inauguration on MondayThe SampP 500 rose 1 on F 158 chars,positive
2025-01-18T15:36:05Z,SHAREHOLDER ALERT Faruqi Faruqi LLP Investigates Claims on Behalf of Investors of Marqeta SHAREHOLDER ALERT Faruqi Faruqi LLP Investigates Claims on Behalf of Investors of Marqeta Faruqi amp Faruqi LLP Securities Litigation Partner James Josh Wilson Encourages Investors Who Suffered Losses Exceeding 50000 In Marqeta NASDAQMQ To Contact Him Directly To Discuss Their O 3435 chars,positive
2025-01-18T15:34:14Z,Who Am I Jan 19 2025 Identify the company using five clues market cap growth ownership changes stock performance RoE last weeks winner Heres a challenge Using the five clues below identify the company that is being talked about here 1 I have undergone several business transformations over my 100plus years history but a name cha 635 chars,positive
2025-01-18T15:33:43Z,Why Is Cliff Asness Bullish On Apple Inc AAPL We recently compiled a list of the 10 Best Stocks to Invest in According to Billionaire Cliff Asness In this article we are going to take a look at where We recently compiled a list of the 10 Best Stocks to Invest in According to Billionaire Cliff Asness In this article we are going to take a look at where Apple Inc NASDAQAAPL stands against the 6825 chars,positive
2025-01-18T15:32:34Z,Trump inauguration trades The sectors that could win in the early days CNBC Trump inauguration trades The sectors that could win in the early daysCNBC Trumps Presidency Comes With High Expectations The Fallout for TikTok XRP Stock Markets and 5 Other Things to Know TodayBarrons How Fortunes Will Be Made And Retirements Lost In IBM Advanced Systems Group a bunch of mindless jerks wholl be first against the wall when the revolution comes with regrets to D Adams,positive
2025-01-18T15:19:29Z,Jim Cramer Thinks These Two Stocks WFC TJX Will Continue To Outpace Analyst Expectations In 2025 In This Article Benzinga and Yahoo Finance LLC may earn commission or revenue on some items through the links below Only a few things can match the excitement of watching a stock you own outperform the market and make money The tricky part is figuring out In This ArticleBenzinga and Yahoo Finance LLC may earn commission or revenue on some items through the links belowOnly a few things can match the excitement of watching a stock you own outperform t 149 chars,positive
2025-01-18T15:16:05Z,Varun Beverages Fizzing or fizzling out VBL PepsiCos largest bottler in India shows strong growth potential despite challenges in the competitive beverage market Cola the sugary beverage has been one of the widelysold commodities across globe for some good time now And the cola wars as fondly called have always been the most innovative and neverending 6938 chars,positive
2025-01-18T15:13:03Z,Why Is Cliff Asness Bullish On Broadcom Inc AVGO We recently compiled a list of the 10 Best Stocks to Invest in According to Billionaire Cliff Asness In this article we are going to take a look at where We recently compiled a list of the 10 Best Stocks to Invest in According to Billionaire Cliff Asness In this article we are going to take a look at where Broadcom Inc NASDAQAVGO stands against 6491 chars,positive
2025-01-18T15:11:00Z,ROSEN NATIONAL INVESTOR COUNSEL Encourages Capri Holdings Limited Investors to Secure Counsel Before Important Deadline in Securities Class Action CPRI NEW YORK Jan 18 2025 GLOBE NEWSWIRE WHY Rosen Law Firm a global investor rights law firm reminds purchasers of stock or sellers of puts of Capri Holdings Limited NYSE CPRI between August 10 2023 and October 24 2024 both dates inclusive the NEW YORK Jan 18 2025 GLOBE NEWSWIRE WHY Rosen Law Firm a global investor rights law firm reminds purchasers of stock or sellers of puts of Capri Holdings Limited NYSE CPRI between Aug 4669 chars,positive
2025-01-18T15:08:37Z,Who Was Better For The Stock Market Biden Or Trump Access to this page has been denied because we believe you are using automation tools to browse the website This may happen as a result of the following Javascript is disabled or blocked by an extension ad blockers for example Your browser does not su Access to this page has been denied because we believe you are using automation tools to browse the websiteThis may happen as a result of the following Javascript is disabled or blocked by an exte 147 chars,negative
2025-01-18T15:08:20Z,2 Top Tech Stocks to Buy in January In This Article 2025 is off to a robust start Last months inflation rates were modest and the three largest stock market indexes were up year to date as of Jan 16 The stock market has generally soared recently with tech stocks leading the charge in thi In This Article2025 is off to a robust start Last months inflation rates were modest and the three largest stock market indexes were up year to date as of Jan 16 The stock market has generally 148 chars,positive
2025-01-18T15:00:21Z,This week in Bidenomics 4 problems for Trump Biden is leaving Trump a strong economy Yet there are still bedeviling problems President Joe Biden is leaving his successor Donald Trump a strong economy possibly the best presidential handoff since George W Bush took office in 2001 Unemployment is low COVIDera disruption 5011 chars,positive
2025-01-18T14:48:03Z,SHAREHOLDER ALERT Faruqi Faruqi LLP Investigates Claims on Behalf of Investors of Five9 SHAREHOLDER ALERT Faruqi Faruqi LLP Investigates Claims on Behalf of Investors of Five9 Faruqi amp Faruqi LLP Securities Litigation Partner James Josh Wilson Encourages Investors Who Suffered Losses Exceeding 75000 In Five9 NASDAQFIVN To Contact Him Directly To Discuss Their O 3932 chars,positive
2025-01-18T14:46:26Z,These Were the 5 WorstPerforming Stocks in the SP 500 in 2024 In This Article Returning 25 in 2024 the SP 500 delivered a recordbreaking year for stock market investors A resilient global economy coupled with interest rate cuts by the Federal Reserve continues to fuel optimism toward a strong outlook Investors ha In This ArticleReturning 25 in 2024 the SampP 500 delivered a recordbreaking year for stock market investors A resilient global economy coupled with interest rate cuts by the Federal Reserve c 154 chars,positive
2025-01-18T14:35:21Z,Trump is a wild card for the stock market this trader says Hes buckling up Volatility is the new norm market pro Jeff Bierman predicts Volatility is the new norm market pro Jeff Bierman predicts This story appeared on marketwatchcom 20250118 132900,neutral
2025-01-18T14:27:00Z,Why REITs Are Set To Bounce In 2025 Real estate investment trusts REITs are making a comeback from their postpandemic downturn and weve got a chance to buy at attractive discounts Personal portfolio and online wealth management getty Real estate investment trusts REITs are making a comeback from their postpandemic downturnand with the sector still lagging the stock market 6247 chars,positive
2025-01-18T14:20:51Z,Truist Financial NYSETFC Price Target Raised to 5100 at Raymond James Truist Financial NYSETFC Get Free Report had its price target hoisted by Raymond James from 4700 to 5100 in a research report issued to clients and investors on Thursday The firm currently has an overweight rating on the insurance providers stock Truist Financial NYSETFC Get Free Report had its price target hoisted by Raymond James from 4700 to 5100 in a research report issued to clients and investors on Thursday The firm currently 6177 chars,positive
2025-01-18T14:13:20Z,This AI stock has become analysts top pick for 2025 Many analysts anticipate that artificial intelligence software will take flight in 2025 with several companies poised to benefit from the surge in interest Bank of America said in a Jan 14 research note that although the US software market grew 59 in 20 Many analysts anticipate that artificial intelligence software will take flight in 2025 with several companies poised to benefit from the surge in interestBank of America said in a Jan 14 research 137 chars,positive
2025-01-18T14:12:04Z,SHAREHOLDER ALERT Faruqi Faruqi LLP Investigates Claims on Behalf of Investors of Enphase Energy SHAREHOLDER ALERT Faruqi Faruqi LLP Investigates Claims on Behalf of Investors of Enphase Energy Faruqi amp Faruqi LLP Securities Litigation Partner James Josh Wilson Encourages Investors Who Suffered Losses Exceeding 100000 In Enphase Energy NASDAQENPH To Contact Him Directly To Discu 5885 chars,positive
2025-01-18T14:02:06Z,JESSICA TARLOV 11 Biden accomplishments we cant ignore as Trump takes office As we prepare to welcome Donald Trump back to the White House its important to not lose sight of all that has been accomplished during the BidenHarris administration Join Fox News for access to this content Plus special access to select articles and other premium content with your account free of charge By entering your email and pushing continue you are ag 5038 chars,positive
2025-01-18T14:01:57Z,Why passive investing is best for almost everyone saving for retirement Passive indexes routinely clobber funds actively managed by professional stock pickers Last year was no exception Investing in markettracking index mutual funds known as passive investing gets brandished as boringBut the truth is in the returns Index funds routinely clobber funds actively managed by profess 7774 chars,positive
2025-01-18T14:00:16Z,California Bans Insurance Policy Cancellations In Boost To Property Owners The Insurance Industry Prepares For RecordBreaking Losses The yearlong ban that Californias insurance authority rushed to impose on cancellations in parts of Los Angeles hardest hit by wildfires was likely the last California Bans Insurance Policy Cancellations In Boost To Property Owners The Insurance Industry Prepares For RecordBreaking Losses Benzinga and Yahoo Finance LLC may earn commission or revenue o 5443 chars,negative
2025-01-18T14:00:08Z,SHAREHOLDER ALERT Faruqi Faruqi LLP Investigates Claims on Behalf of Investors of Visa SHAREHOLDER ALERT Faruqi Faruqi LLP Investigates Claims on Behalf of Investors of Visa Faruqi amp Faruqi LLP Securities Litigation Partner James Josh Wilson Encourages Investors Who Suffered Losses Exceeding 100000 In Visa To Contact Him Directly To Discuss Their Options If you 4005 chars,positive
2025-01-18T14:00:00Z,Nvidia stock bleeds Bitcoin bounces back and Jamie Dimons view Markets news roundup Banking giant JPMorgan JPM has forecastedthe next wave of cryptocurrency exchangetraded funds ETFsfocusing on Solana and XRPcould experience substantial growth if the US Securities and Exchange Commission SEC gives the green light Read more The SampP 500 is close to erasing all the gains it notched since Donald Trumps election victory As of market close on Monday the SampP 500 was up just 092 since Nov 5 the day Trump clinched 202 chars,positive
2025-01-18T13:56:33Z,FO Strategy Buy Lodha call option Neutral outlook for Macrotech Developers Lodha stock with support at 1065 and resistance at 1425 consider 1200strike call option The nearterm outlook for the stock of Macrotech Developers Lodha 117695 remains neutral It finds major support at 1065 and a resistance at 1425 While the shortterm support appears at 11 1345 chars,positive
2025-01-18T13:43:07Z,Metal Auto IT Financial Services Healthcare Consumer Durables Which sector can outperform in 2025 Indian benchmark indices underperformed in 2024 but certain sectors like Healthcare and Pharma outperformed offering investment opportunities in 2025 The Indian benchmark indices the Sensex and Nifty 50 were up a little over 8 per cent each in 2024 This rise was much lower than the 20 per cent surge seen in the previous year 2023 But if we lo 8886 chars,positive
2025-01-18T13:40:00Z,ROSEN THE FIRST FILING FIRM Encourages Joint Stock Company Kaspikz Investors to Secure Counsel Before Important Deadline in Securities Class Action First Filed by the Firm KSPI NEW YORK Jan 18 2025 GLOBE NEWSWIRE WHY Rosen Law Firm a global investor rights law firm reminds purchasers of securities of Joint Stock Company Kaspikz NASDAQ KSPI between January 19 2024 and September 19 2024 both dates inclusive the Cla NEW YORK Jan 18 2025 GLOBE NEWSWIRE WHY Rosen Law Firm a global investor rights law firm reminds purchasers of securities of Joint Stock Company Kaspikz NASDAQ KSPI between January 1 3945 chars,positive
2025-01-18T13:34:52Z,FPIs continue equity selling spree outflows touch 44396 crore till Jan 17 Foreign Portfolio Investors FPIs continue selling spree in Indian equities amid rising US yields and dollar strength Amid rising US yields driven by a strengthening dollar and ahead of US Presidentelect Donald Trumps inauguration Foreign Portfolio Investors FPIs extended their selling spree in Indian equities 3339 chars,positive
2025-01-18T13:34:52Z,FPIs continue equity selling spree outflows touch 44396 crore till Jan 17 Foreign Portfolio Investors FPIs continue selling spree in Indian equities amid rising US yields and dollar strength Amid rising US yields driven by a strengthening dollar and ahead of US Presidentelect Donald Trumps inauguration Foreign Portfolio Investors FPIs extended their selling spree in Indian equities 3339 chars,positive
2025-01-18T13:30:00Z,Trump offered a bountiful batch of campaign promises that come due on Day 1 Your head will spin when you see whats going to happen Trump said Heres a closer look at what he promised to do on Day 1 After Donald Trump becomes president again he is on the hook for achieving a hefty chunk of his campaign promises even before the day is out One of those promises is to make you dizzy Your head 48900 chars,positive
2025-01-18T13:30:00Z,Trump offered a bountiful batch of campaign promises that come due on Day 1 Your head will spin when you see whats going to happen Trump said Heres a closer look at what he promised to do on Day 1 After Donald Trump becomes president again he is on the hook for achieving a hefty chunk of his campaign promises even before the day is out One of those promises is to make you dizzy Your head 48432 chars,positive
2025-01-18T13:30:00Z,I Tried the New Lays Potato Chip Flavor and I Get Why Fans Have Been Begging for It for Years This is a chip for maximalists READ MORE We independently select these productsif you buy from one of our links we may earn a commission All prices were accurate at the time of publishing If youre as into the world of snacking and chip 2692 chars,neutral
2025-01-18T13:24:03Z,SHAREHOLDER ALERT Faruqi Faruqi LLP Investigates Claims on Behalf of Investors of DMC SHAREHOLDER ALERT Faruqi Faruqi LLP Investigates Claims on Behalf of Investors of DMC Faruqi amp Faruqi LLP Securities Litigation Partner James Josh Wilson Encourages Investors Who Suffered Losses Exceeding 75000 In DMC To Contact Him Directly To Discuss Their Options If you s 4543 chars,positive
2025-01-18T13:23:45Z,Irenic takes a position at KBR Heres how the activist may help improve shareholder value Activist Irenic Capital Management has a stake in government contractor KBR Business KBR provides scientific technology and engineering solutions to governments and companies around the world The company operates through two segments Government Solutions and Sustainable 7854 chars,positive
2025-01-18T13:08:03Z,CAPRI HOLDINGS CPRI Investors are Notified the Company has been Sued for Securities Fraud and are Urged to Contact BFA Law by February 21 CAPRI HOLDINGS CPRI Investors are Notified the Company has been Sued for Securities Fraud and are Urged to Contact BFA Law by February 21 New York New YorkNewsfile Corp January 18 2025 Leading securities law firm Bleichmar Fonti amp Auld LLP announces that a lawsuit has been filed against Capri Holdings Limited NYSE NYSE 3835 chars,negative
2025-01-18T13:06:47Z,4 Reasons to Buy Lucid Motors Stock in 2025 And 2 Reasons to Stay Far Away Your browser of choice has not been tested for use with Barchartcom If you have issues please download one of the browsers listed here Join Barchart Premier to get Screeners that run automatically with the results emailed to you FREE 30 Day Trial Marke Your browser of choice has not been tested for use with Barchartcom If you have issues please download one of the browsers listed hereJoin Barchart Premier to get Screeners that run automatically 137 chars,positive
2025-01-18T13:05:21Z,Amazon Bombay Market White Basmati Rice 4lb 1424 Save on this Bombay Market White Basmati Rice 4lb with no Amazon coupon required Click through to score it for 1424 or less with free shipping when you select subscribe save Be sure to cancel SS if you dont want more delivered laterbr br stro Stock up on essential pantry items amp save big From pasta amp rice to canned goods amp snacks find unbeatable deals on everyday ingredients for your kitchen,positive
2025-01-18T13:00:53Z,Flying taxis are on the horizon as aviation soars into a new frontier We are just a few steps from the finish line We want to turn what are now one and twohour trips into fiveminute trips SAN FRANCISCO When he was still a boy making long tedious trips between his school and his woodsy home in the mountains during the 1980s JoeBen Bevirt began fantasizing about flying cars that cou 6560 chars,positive
2025-01-18T13:00:17Z,Commerce nominee Lutnick is backer of outlaws favorite cryptocurrency Bloomberg To the crypto company Tether the account was identified only by a 31character string TTAHMdqoom4f2VTWniroPWQHcTRZ4caMost Read from Bloomberg To the crypto company Tether the account was identified only by a 31character string TTAHMdqoom4f2VTWniroPWQHcTRZ4caIts a cryptocurrency wallet address one of more than 300 million a 14746 chars,positive
2025-01-18T13:00:00Z,Buying Airline Stocks Which Ones Give You Perks as a Shareholder in 2025 Discover which airlines offer unique shareholder perks in 2025 enhancing your travel experiences From discounts with ANA and Japan Airlines to exclusivity with Air FranceKLM find out how your investments can yield more than just financial returns Investing in airline stocks has always been a topic of keen interest for travelers and investors alike The allure of this sector lies not only in its potential for financial returns but also in the 16909 chars,positive
2025-01-18T12:56:04Z,SHAREHOLDER ALERT Faruqi Faruqi LLP Investigates Claims on Behalf of Investors of Regeneron Pharmaceuticals SHAREHOLDER ALERT Faruqi Faruqi LLP Investigates Claims on Behalf of Investors of Regeneron Pharmaceuticals Faruqi amp Faruqi LLP Securities Litigation Partner James Josh Wilson Encourages Investors Who Suffered Losses Exceeding 100000 In Regeneron NASDAQREGN To Contact Him Directly To Discuss Th 5238 chars,positive
2025-01-18T12:55:48Z,US Stock prediction on Donald Trump oath ceremony Check Donald Trump inauguration impact on Wall street SP 500 Dow Jones Nasdaq Donald Trump oath ceremony is taking place on January 20 and the inauguration event will have an impact on US stock market Artificial IntelligenceAI AI and Analytics based Business Strategy By Tanusree De Managing Director Accenture Technology Lead Trustworthy AI Center of Excellence ATCI View Program,positive
2025-01-18T12:55:41Z,Is the stock market open or closed on MLK Day 2025 See holiday schedule US stock markets will be closed on Monday Jan 20 in observance of the Martin Luther King Jr Day holiday President Ronald Reagan signed the King Holiday Bill into law on Nov 2 1983 thus designating the third Monday in January a federal holiday in obs US stock markets will be closed on Monday Jan 20 in observance of the Martin Luther King Jr Day holidayPresident Ronald Reagan signed the King Holiday Bill into law on Nov 2 1983 thus desig 142 chars,positive
2025-01-18T12:55:39Z,Stockmarket rally depends on answer to this real question about bond yields For stocks much depends on whether the past week marked a peak in yields or was merely a snapback after getting technically overstretched For stocks much depends on whether the past week marked a peak in yields or was merely a snapback after getting technically overstretched This story appeared on marketwatchcom 20250118 11550 1 chars,neutral
2025-01-18T12:52:49Z,Thurston Springer Miller Herd Titak Inc Purchases 1249 Shares of Fortinet Inc NASDAQFTNT Thurston Springer Miller Herd Titak Inc boosted its position in shares of Fortinet Inc NASDAQFTNT Free Report by 26021 in the fourth quarter according to its most recent filing with the Securities Exchange Commission The fund owned 1297 shar Thurston Springer Miller Herd amp Titak Inc boosted its position in shares of Fortinet Inc NASDAQFTNT Free Report by 26021 in the fourth quarter according to its most recent filing with 5301 chars,positive
2025-01-18T12:52:49Z,25051 Shares in Johnson Johnson NYSEJNJ Acquired by RH Investment Group LLC RH Investment Group LLC purchased a new stake in Johnson Johnson NYSEJNJ Free Report during the 4th quarter according to its most recent filing with the Securities and Exchange Commission SEC The institutional investor purchased 25051 shares of RH Investment Group LLC purchased a new stake in Johnson amp Johnson NYSEJNJ Free Report during the 4th quarter according to its most recent filing with the Securities and Exchange Commissi 6507 chars,positive
2025-01-18T12:47:27Z,UBS Group Forecasts Strong Price Appreciation for JPMorgan Chase Co NYSEJPM Stock JPMorgan Chase Co NYSEJPM had its target price boosted by equities research analysts at UBS Group from 27600 to 28700 in a report issued on ThursdayBenzinga reports The firm currently has a buy rating on the financial services providers stock JPMorgan Chase amp Co NYSEJPM had its target price boosted by equities research analysts at UBS Group from 27600 to 28700 in a report issued on ThursdayBenzinga reports The firm currently 6122 chars,positive
2025-01-18T12:40:06Z,SHAREHOLDER ALERT Faruqi Faruqi LLP Investigates Claims on Behalf of Investors of Cassava SHAREHOLDER ALERT Faruqi Faruqi LLP Investigates Claims on Behalf of Investors of Cassava Faruqi amp Faruqi LLP Securities Litigation Partner James Josh Wilson Encourages Investors Who Suffered Losses Exceeding 75000 In Cassava To Contact Him Directly To Discuss Their Options If y 3752 chars,positive
2025-01-18T12:39:12Z,Mutual funds average AUM surges 27 in December quarter on the back of strong NFOs and SIP inflows Mutual fund industry fund collection through new fund offers increased a whopping 85 per cent to 118 lakh crore Thanks to the robust new fund offers NFO and steady inflows through systematic investment plan SIP mutual funds have made most of the bullish sentiments in the stock market with their average as 2111 chars,positive
2025-01-18T12:36:10Z,SHAREHOLDER ALERT Faruqi Faruqi LLP Investigates Claims on Behalf of Investors of Capri Holdings SHAREHOLDER ALERT Faruqi Faruqi LLP Investigates Claims on Behalf of Investors of Capri Holdings Faruqi amp Faruqi LLP Securities Litigation Partner James Josh Wilson Encourages Investors Who Suffered Losses Exceeding 100000 In Capri To Contact Him Directly To Discuss Their Options If yo 4484 chars,positive
2025-01-18T12:33:27Z,This Is One of the Largest Companies in the Worldand the Stock Is an Absolute Bargain There are 10 companies in the world that currently have a market cap of more than 1 trillion It would be reasonable to assume that none of these businesses have bargain stocks These companies are very well known and their valuations prove that huge swaths There are 10 companies in the world that currently have a market cap of more than 1 trillion It would be reasonable to assume that none of these businesses have bargain stocks These companies are 142 chars,positive
2025-01-18T12:30:53Z,Is the stock market open or closed on MLK Day 2025 See holiday schedule If you click Accept all we and our partners including 239 who are part of the IAB Transparency amp Consent Framework will also store andor access information on a device in other words use 703 chars,positive
2025-01-18T12:27:01Z,Im a financial writer but Im not teaching my teenagers about investing Its hard to get excited about stocks before you have an income Im a financial writer with two teenagers Instead of teaching them how to invest Im focusing on financial values The author not pictured is a financial writer but isnt teaching his kids about investing yetImgorthandGetty Images ulliIm a financial writer but Im not teaching my kids how to invest yet 4119 chars,positive
2025-01-18T12:23:45Z,Forget Prismatic Evolutions Im Buying These UK Silver Tempest Deals Single card values are blasting off again so its a great time to buy Silver Tempest whilst its in stock Whilst Pok√©mon TCG trainers are scrambling to find Prismatic Evolutions this weekend Im thinking outside Bills PC Box by looking at older sets that are still available for RRP Silver Tempest is in 3842 chars,positive
2025-01-18T12:17:54Z,Calculating The Intrinsic Value Of JB Hunt Transport Services Inc NASDAQJBHT Key Insights JB Hunt Transport Services estimated fair value is US179 based on 2 Stage Free Cash Flow to Equity In this article we are going to estimate the intrinsic value of JB Hunt Transport Services Inc NASDAQJBHT by estimating the companys future cash flows and discounting them to their present va 6409 chars,positive
2025-01-18T12:03:01Z,DOGE is yet another responsibility on Elon Musks plate That doesnt faze these Tesla investors Elon Musk has his work cut out for him as DOGE kicks into gear Many shareholders arent worried about him losing focus on Tesla A dozen Tesla shareholders talked with BI about how they felt about Elon Musks latest job working with the Trump administration to cut costs across the federal governmentSpencer PlattGetty Images 7536 chars,negative
2025-01-18T12:02:23Z,Secret UK mini cabinet tries to plan for unpredictable Trump On security and on the economy Westminster feels both worry and hope as Donald Trump heads back to the White House Everybodys nervous because they simply dont know what he is going to do That is the basic truth about Trump for governments business bosses military chiefs and maybe you feel it too as he ge 11534 chars,positive
2025-01-18T12:00:00Z,USDJPY Forecast Trump and BoJ Set to Spark Volatility Amid Yield Disconnect USDJPYs usual ties to Treasury yields are wilting leaving the pair at the mercy of Trumps tariff moves and the BoJs rate decision With key levels in play and volatility brewing this will set you up for the week ahead ulliUSDJPY has decoupled from US Treasury yields creating uncertaintyliliTrump inauguration may trigger significant market volatility depending on tariff decisionsliliBoJs rate deci 7321 chars,positive
2025-01-18T11:41:27Z,Why investors can home in on this large realty player At 1178 the stock trades at 24 times its per share earnings for FY26 making it a reasonable bet for investors with a twothree year perspective In the last threefour years Indias realty segment has bounced back strongly after a prolonged period of lull seveneight years before 2021 As the strong demand for larger houses postCovid and h 4688 chars,positive
2025-01-18T11:34:50Z,Wedmont Private Capital Has 210000 Stake in L3Harris Technologies Inc NYSELHX Wedmont Private Capital lowered its holdings in L3Harris Technologies Inc NYSELHX Free Report by 103 in the fourth quarter Holdings Channel reports The firm owned 1010 shares of the companys stock after selling 116 shares during the quarter Wedm Wedmont Private Capital lowered its holdings in L3Harris Technologies Inc NYSELHX Free Report by 103 in the fourth quarter Holdings Channel reports The firm owned 1010 shares of the compa 6005 chars,positive
2025-01-18T11:30:00Z,Its Time To Buy BondsHeres Why And How These 25 Best Buy bond funds deliver the features you select at a price you cant beat Dramatic move this month from Vanguard Group Its saying that the classic portfolio of 60 stocks and 40 bonds with which it has been so enamored for so long might not be quite right Consider it 11622 chars,positive
2025-01-18T11:30:00Z,What Musks Tweets Reveal About His Relationship With China As Elon Musk grew Teslas business in China he publicly cozied up to its leaders on his favorite social media platform Tesla CEO Elon Musk attends the groundbreaking ceremony of Tesla Shanghai gigafactory on Jan 7 2019 Xinhua News Agency via Getty Images Earlier this week reports emerged that Chinas rulers view 8040 chars,positive
2025-01-18T11:23:58Z,Invesco India Multicap Fund An equity fund that engages all marketcap segments Invesco India Multicap Fund offers true diversification with consistent returns making it ideal for disciplined longterm investors Indian equity markets have been on a roller coaster ride over the last four months The benchmark indices corrected notably after reaching their alltime peaks in September 2024 For instance the Ni 5475 chars,positive
2025-01-18T11:23:26Z,IPO Calendar 4 new issues 7 listings to keep primary markets busy next week Four new IPOs will open next week including three in the SME segment with a strong primary market momentum forecasted The Denta Water and Infra IPO opens on January 22 Whats moving Sensex and Nifty Track latest market news stock tips Budget 2024 and expert advice on ETMarkets Also ETMarketscom is now on Telegram For fastest news alerts on financial markets 317 chars,positive
2025-01-18T11:07:05Z,SeaCrest Wealth Management LLC Has 340000 Position in Cummins Inc NYSECMI SeaCrest Wealth Management LLC grew its holdings in Cummins Inc NYSECMI Free Report by 61 during the fourth quarter according to its most recent 13F filing with the Securities and Exchange Commission SEC The firm owned 974 shares of the companys SeaCrest Wealth Management LLC grew its holdings in Cummins Inc NYSECMI Free Report by 61 during the fourth quarter according to its most recent 13F filing with the Securities and Exchange C 5399 chars,positive
2025-01-18T11:07:05Z,Fifth Third Wealth Advisors LLC Raises Holdings in Rockwell Automation Inc NYSEROK Fifth Third Wealth Advisors LLC boosted its stake in Rockwell Automation Inc NYSEROK Free Report by 66 during the fourth quarter Holdings Channelcom reports The firm owned 1229 shares of the industrial products companys stock after buying an add Fifth Third Wealth Advisors LLC boosted its stake in Rockwell Automation Inc NYSEROK Free Report by 66 during the fourth quarter Holdings Channelcom reports The firm owned 1229 shares of 6523 chars,positive
2025-01-18T11:07:04Z,Assenagon Asset Management SA Sells 343370 Shares of Spotify Technology SA NYSESPOT Assenagon Asset Management SA reduced its holdings in shares of Spotify Technology SA NYSESPOT Free Report by 903 in the fourth quarter according to the company in its most recent disclosure with the Securities and Exchange Commission The fund ow Assenagon Asset Management SA reduced its holdings in shares of Spotify Technology SA NYSESPOT Free Report by 903 in the fourth quarter according to the company in its most recent disclos 5019 chars,positive
2025-01-18T11:07:01Z,Thurston Springer Miller Herd Titak Inc Has 59000 Holdings in Snowflake Inc NYSESNOW Thurston Springer Miller Herd Titak Inc grew its position in Snowflake Inc NYSESNOW Free Report by 310 in the 4th quarter according to the company in its most recent Form 13F filing with the Securities and Exchange Commission SEC The firm owned Thurston Springer Miller Herd amp Titak Inc grew its position in Snowflake Inc NYSESNOW Free Report by 310 in the 4th quarter according to the company in its most recent Form 13F filing w 4955 chars,positive
2025-01-18T11:07:00Z,Burney Co Sells 1576 Shares of CrowdStrike Holdings Inc NASDAQCRWD Burney Co lowered its position in CrowdStrike Holdings Inc NASDAQCRWD Free Report by 421 in the fourth quarter Holdings Channelcom reports The fund owned 2171 shares of the companys stock after selling 1576 shares during the period Burney Co Burney Co lowered its position in CrowdStrike Holdings Inc NASDAQCRWD Free Report by 421 in the fourth quarter Holdings Channelcom reports The fund owned 2171 shares of the companys st 5719 chars,positive
2025-01-18T11:07:00Z,Burney Co Has 701000 Position in Bank OZK NASDAQOZK Burney Co cut its position in Bank OZK NASDAQOZK Free Report by 212 during the 4th quarter according to the company in its most recent disclosure with the SEC The firm owned 15753 shares of the companys stock after selling 4232 shares during the Burney Co cut its position in Bank OZK NASDAQOZK Free Report by 212 during the 4th quarter according to the company in its most recent disclosure with the SEC The firm owned 15753 shares o 4630 chars,positive
2025-01-18T10:58:51Z,Lululemon Athletica NASDAQLULU Price Target Raised to 42000 Lululemon Athletica NASDAQLULU Free Report had its target price upped by Morgan Stanley from 41400 to 42000 in a research report released on Wednesday morningBenzinga reports Morgan Stanley currently has an overweight rating on the apparel retailer Lululemon Athletica NASDAQLULU Free Report had its target price upped by Morgan Stanley from 41400 to 42000 in a research report released on Wednesday morningBenzinga reports Morgan Stanle 5683 chars,positive
2025-01-18T10:56:02Z,FPIs net sell domestic equities worth Rs 44396 crore so far in January Foreign Portfolio Investors FPIs have sold Indian equities worth Rs 44396 crore in January contributing to market declines Despite a reversal in December they remain net sellers with potential for a change after US macroeconomic signals Foreign Portfolio Investors FPIs net sold Indian equities worth Rs 44396 crore so far in January On Friday the FIIs offloaded domestic stocks worth Rs 331806 crore triggering a fall in the ma 1915 chars,positive
2025-01-18T18:59:05Z,Corcept Therapeutics Incorporated CORT Why Should You Buy This Growth Stock For The Next 5 Years We recently compiled a list of the 15 Best Growth Stocks to Buy for the Next 5 Years In this article we are going to take a look at where Corcept We recently compiled a list of the 15 Best Growth Stocks to Buy for the Next 5 Years In this article we are going to take a look at where Corcept Therapeutics Incorporated NASDAQCORT stands agai 6348 chars,positive
2025-01-18T18:54:20Z,Willis Towers Watson Public Limited Company WTW Why Is Seth Klarman Bullish On This Cheap Value Stock Now We recently compiled a list of the 10 Cheap Value Stocks to Invest In According To Seth Klarman In this article we are going to take a look at where We recently compiled a list of the 10 Cheap Value Stocks to Invest In According To Seth Klarman In this article we are going to take a look at where Willis Towers Watson Public Limited Company NA 6471 chars,positive
2025-01-18T18:29:54Z,President Trump please dont stop the music Its easy to take for granted the convenience afforded to us now During the recent snowstorm in Washington DC I recall wondering beforehand whether I should stock up at a grocery store to ensure I had enough food or purchase flashlights and batteries i Its easy to take for granted the convenience afforded to us now During the recent snowstorm in Washington DC I recall wondering beforehand whether I should stock up at a grocery store to ensur 3934 chars,positive
2025-01-18T18:27:15Z,MLK Day 2025 Will the US stock market remain open or is it a federal holiday Apart from the USA Martin Luther King Jr Day is celebrated in other countries such as Canada Israel and the Netherlands The US stock markets will observe a closure on Monday January 20 2025 in commemoration of Martin Luther King Jr Day a federal holiday The holiday was officially signed into law by President R 2813 chars,positive
2025-01-18T18:17:33Z,Veteran analyst expects Switch 2 to be a massive success but doesnt see it matching the outlier that was the Switch 1 It could happen but its not likely Lightning doesnt strike twice The Nintendo Switch 2 was officially announced this week but one analyst we spoke to doesnt think it will reach the same lofty heights as its predecessor Switch 2 can and I expect it to be a m 3969 chars,positive
2025-01-18T18:16:47Z,Two Stock Ideas for the New Trump Era Dont Wait for a Correction to Join a Bull Market If youre interested in investing youre likely familiar with Warren Buffets famous quote from his 1986 Chairmans letter Be fearful when others are greedy and greedy when others are fearful But there is Dont Wait for a Correction to Join a Bull MarketIf youre interested in investing youre likely familiar with Warren Buffets famous quote from his 1986 Chairmans letter Be fearful when others are gre 137 chars,positive
2025-01-18T18:14:52Z,Only One Group Has Shown Consistent Relative Strength For The Past Year When I look back at leading industry groups for the past day week month 3month 6month and 1year periods only one industry group has been among the Top 20 industry groups for each of those 6 different periods Its a group that I liked heading into 20 When I look back at leading industry groups for the past day week month 3month 6month and 1year periods only one industry group has been among the Top 20 industry groups for each of those 6 4424 chars,positive
2025-01-18T17:43:07Z,Jim Cramers Market Outlook Strong Earnings Trump Inauguration and Whats Next for Investors Top banks reported strong earnings this week with impressive results from Wells Fargo Company NYSEWFC and Goldman Sachs Group Inc NYSEGS Despite significant gains in their stock prices analysts believe these banks still have room for growth than Top banks reported strong earnings this week with impressive results from Wells Fargo amp Company NYSEWFC and Goldman Sachs Group Inc NYSEGSDespite significant gains in their stock prices 150 chars,positive
2025-01-18T17:35:35Z,Financial Education and Economic Development Financial education is an essential component for the economic and social development of nations In an increasingly interconnected world understanding how personal finances and markets operate is an indispensable skill for individuals and economies alike H Financial education is an essential component for the economic and social development of nations In an increasingly interconnected world understanding how personal finances and markets operate is a 4570 chars,positive
2025-01-18T17:24:35Z,Why Are Analysts Bullish On StoneCo Ltd STNE Now We recently compiled a list of the 12 Best Software Stocks to Buy According to Analysts In this article we are going to take a look at where StoneCo Ltd We recently compiled a list of the 12 Best Software Stocks to Buy According to Analysts In this article we are going to take a look at where StoneCo Ltd NASDAQSTNE stands against the other soft 6123 chars,positive
2025-01-18T17:22:36Z,Why Are Analysts Bullish On WEBTOON Entertainment Inc WBTN Now We recently compiled a list of the 12 Best Software Stocks to Buy According to Analysts In this article we are going to take a look at where WEBTOON We recently compiled a list of the 12 Best Software Stocks to Buy According to Analysts In this article we are going to take a look at where WEBTOON Entertainment Inc NASDAQWBTN stands against 5289 chars,positive
2025-01-18T17:20:21Z,Why Are Analysts Bullish On PagSeguro Digital Ltd PAGS Now We recently compiled a list of the 12 Best Software Stocks to Buy According to Analysts In this article we are going to take a look at where PagSeguro We recently compiled a list of the 12 Best Software Stocks to Buy According to Analysts In this article we are going to take a look at where PagSeguro Digital Ltd NYSEPAGS stands against the ot 5520 chars,positive
2025-01-18T17:14:17Z,Why Are Analysts Bullish On Alight Inc ALIT Now We recently compiled a list of the 12 Best Software Stocks to Buy According to Analysts In this article we are going to take a look at where Alight Inc We recently compiled a list of the 12 Best Software Stocks to Buy According to Analysts In this article we are going to take a look at where Alight Inc NYSEALIT stands against the other softwa 6554 chars,positive
2025-01-18T17:08:31Z,Why Are Analysts Bullish On Jamf Holding Corp JAMF Now We recently compiled a list of the 12 Best Software Stocks to Buy According to Analysts In this article we are going to take a look at where Jamf Holding We recently compiled a list of the 12 Best Software Stocks to Buy According to Analysts In this article we are going to take a look at where Jamf Holding Corp NASDAQJAMF stands against the othe 5935 chars,positive
2025-01-18T17:04:27Z,MLK Day Whats open and closed Will banks post offices and grocery stores remain closed The first Martin Luther King Jr Day was celebrated on Jan 20 1986 Martin Luther King Jr Day observed on Monday January 20 2025 is a federal holiday commemorating the life and legacy of Dr Martin Luther King Jr a pivotal figure in the civil rights movement 2811 chars,positive
2025-01-18T17:00:00Z,How Buffett and Munger helped Americans become savvy investors A new book reveals the winning strategies of investment gurus Warren Buffett and Charlie Munger Warren Buffett always wanted to make money As a child growing up in Omaha Neb he traded CocaCola and chewing gum with other kids sold stamps and golf balls to adults and worked in his dads gro 5462 chars,positive
2025-01-18T17:00:00Z,How Buffett and Munger helped Americans become savvy investors A new book reveals the winning strategies of investment gurus Warren Buffett and Charlie Munger Warren Buffett always wanted to make money As a child growing up in Omaha Neb he traded CocaCola and chewing gum with other kids sold stamps and golf balls to adults and worked in his dads gro 5462 chars,positive
2025-01-18T16:59:31Z,Should You Buy Ethereum While Its Under 3500 As of Jan 16 the Ethereum CRYPTO ETH cryptocurrency had gained 37 in a year It was a wild ride along the way however with coin prices ranging from 2220 to 4070 All told the secondlargest name in crypto barely managed to outperform a stellar sh As of Jan 16 the Ethereum CRYPTO ETH cryptocurrency had gained 37 in a year It was a wild ride along the way however with coin prices ranging from 2220 to 4070 All told the secondlarg 153 chars,positive
2025-01-18T16:58:18Z,Broadcom Goldman Sachs Lead 5 Stocks In Buy Areas With This Bullish Base Broadcom is one of three AI plays on this weekends watchlist Broadcom AVGO and Goldman Sachs GS lead this weekends watch list of five stocks above traditional or early buy points all of which have etched out flat bases that signal resilience in a choppy 6401 chars,positive
2025-01-18T16:52:00Z,CELH DEADLINE ALERT ROSEN A GLOBALLY RESPECTED LAW FIRM Encourages Celsius Holdings Inc Investors to Secure Counsel Before Important January 21 Deadline in Securities Class Action CELH NEW YORK Jan 18 2025 GLOBE NEWSWIRE WHY Rosen Law Firm a global investor rights law firm reminds purchasers of common stock and sellers of puts of Celsius Holdings Inc NASDAQ CELH between February 29 2024 and September 4 2024 both dates inc NEW YORK Jan 18 2025 GLOBE NEWSWIRE WHY Rosen Law Firm a global investor rights law firm reminds purchasers of common stock and sellers of puts of Celsius Holdings Inc NASDAQ CELH b 4156 chars,positive
2025-01-18T16:28:47Z,My First Love on Four Wheels A 1988 BMW 325iC Cabrio Story Thaaaat leads to your door sang my new 88 BMW 325iC spiritually with Sir Paul filling my ears with mutual emotion whilst I injected my lungs with the inviting refinement of charismaticallyaged yet stunningly clean First published by Thaaaat leads to your door sang my new 88 BMW 325iC spiritually with Sir Paul filling my ears with mutual emotion whilst I injected my lungs with the inviting refinement of charismaticallyaged 12955 chars,positive
2025-01-18T16:18:53Z,Truist Financial Co NYSETFC Shares Sold by Assenagon Asset Management SA Assenagon Asset Management SA trimmed its holdings in shares of Truist Financial Co NYSETFC Free Report by 823 during the fourth quarter according to the company in its most recent Form 13F filing with the SEC The fund owned 374485 shares of the Assenagon Asset Management SA trimmed its holdings in shares of Truist Financial Co NYSETFC Free Report by 823 during the fourth quarter according to the company in its most recent Form 13 6690 chars,positive
2025-01-18T16:15:19Z,Todays news in a nutshell KATHMANDU Khabarhub brings you a glimpse of major developments of the day in Nepal including politics businesseconomy sports entertainment and more Prachanda declares Maoist Centre will emerge as first party in 2027 local elections Former Prime Minist KATHMANDU Khabarhub brings you a glimpse of major developments of the day in Nepal including politics businesseconomy sports entertainment and more Prachanda declares Maoist Centre will emer 3416 chars,positive
2025-01-18T16:11:00Z,Bond funds are offering a double whammy for investors Many of these funds are trading at deep discounts and may have tempting distribution yields These funds are worth a closer look Getty Images Closedend bond funds long a staple investment for retirees and those seeking income from their investments have been left in a firesale enviro 4784 chars,positive
2025-01-18T15:59:38Z,Even before TikToks troubles Chinese companies were wary of Washington According to investors and experts companies with ties to China are now facing increased regulatory and political scrutiny leading some to reconsider doing business or going public in the US None want to face the same challenges as TikTok which spent year Chinese tech companies long looked to the United States as a key market and source of investment Firms like ByteDance the company behind TikTok courted major American investment firms like General 4184 chars,positive
2025-01-18T15:54:56Z,Why Is Universal Corporation UVV Among Louis Navelliers Top Longterm Stock Picks We recently compiled a list of the Louis Navelliers Top 15 LongTerm Stock Picks In this article we are going to take a look at where Universal We recently compiled a list of the Louis Navelliers Top 15 LongTerm Stock Picks In this article we are going to take a look at where Universal Corporation NYSEUVV stands against the other stoc 4600 chars,positive
2025-01-18T15:53:18Z,Stockmarket rally depends on answer to this real question about bond yields MarketWatch Stockmarket rally depends on answer to this real question about bond yieldsMarketWatch Trump inauguration trades The sectors that could win in the early daysCNBC Trumps Presidency Comes With High Expectations The Fallout for TikTok XRP Stock Markets a The Fine Print The following comments are owned by whoever posted them We are not responsible for them in any way,positive
2025-01-18T15:47:18Z,Thurston Springer Miller Herd Titak Inc Raises Position in Truist Financial Co NYSETFC Thurston Springer Miller Herd Titak Inc increased its stake in Truist Financial Co NYSETFC Free Report by 487 during the fourth quarter according to the company in its most recent 13F filing with the SEC The firm owned 2963 shares of the insuran Thurston Springer Miller Herd amp Titak Inc increased its stake in Truist Financial Co NYSETFC Free Report by 487 during the fourth quarter according to the company in its most recent 13F 6193 chars,positive
2025-01-18T15:42:07Z,2 Top Tech Stocks to Buy in January 2025 is off to a robust start Last months inflation rates were modest and the three largest stock market indexes were up year to date as of Jan 16 The stock market has generally soared recently with tech stocks leading the charge in this bull market Ho 2025 is off to a robust start Last months inflation rates were modest and the three largest stock market indexes were up year to date as of Jan 16 The stock market has generally soared recently 146 chars,positive
2025-01-18T15:41:52Z,These Were the 5 WorstPerforming Stocks in the SP 500 in 2024 Returning 25 in 2024 the SP 500 delivered a recordbreaking year for stock market investors A resilient global economy coupled with interest rate cuts by the Federal Reserve continues to fuel optimism toward a strong outlook Investors have also cheered r Returning 25 in 2024 the SampP 500 delivered a recordbreaking year for stock market investors A resilient global economy coupled with interest rate cuts by the Federal Reserve continues to fuel 150 chars,positive
2025-01-18T15:41:39Z,Biden vs Trump Who Had the Better Stock Market Stocks rose on Friday capping off a strong run for markets under President Joe Biden and putting equities near record highs ahead of Donald Trumps inauguration on Monday The SP 500 rose 1 on Friday putting it up 58 since Joe Bidens inauguration on Jan Stocks rose on Friday capping off a strong run for markets under President Joe Biden and putting equities near record highs ahead of Donald Trumps inauguration on MondayThe SampP 500 rose 1 on F 158 chars,positive
2025-01-18T15:36:05Z,SHAREHOLDER ALERT Faruqi Faruqi LLP Investigates Claims on Behalf of Investors of Marqeta SHAREHOLDER ALERT Faruqi Faruqi LLP Investigates Claims on Behalf of Investors of Marqeta Faruqi amp Faruqi LLP Securities Litigation Partner James Josh Wilson Encourages Investors Who Suffered Losses Exceeding 50000 In Marqeta NASDAQMQ To Contact Him Directly To Discuss Their O 3435 chars,positive
2025-01-18T15:34:14Z,Who Am I Jan 19 2025 Identify the company using five clues market cap growth ownership changes stock performance RoE last weeks winner Heres a challenge Using the five clues below identify the company that is being talked about here 1 I have undergone several business transformations over my 100plus years history but a name cha 635 chars,positive
2025-01-18T15:33:43Z,Why Is Cliff Asness Bullish On Apple Inc AAPL We recently compiled a list of the 10 Best Stocks to Invest in According to Billionaire Cliff Asness In this article we are going to take a look at where We recently compiled a list of the 10 Best Stocks to Invest in According to Billionaire Cliff Asness In this article we are going to take a look at where Apple Inc NASDAQAAPL stands against the 6825 chars,positive
2025-01-18T15:32:34Z,Trump inauguration trades The sectors that could win in the early days CNBC Trump inauguration trades The sectors that could win in the early daysCNBC Trumps Presidency Comes With High Expectations The Fallout for TikTok XRP Stock Markets and 5 Other Things to Know TodayBarrons How Fortunes Will Be Made And Retirements Lost In IBM Advanced Systems Group a bunch of mindless jerks wholl be first against the wall when the revolution comes with regrets to D Adams,positive
2025-01-18T15:19:29Z,Jim Cramer Thinks These Two Stocks WFC TJX Will Continue To Outpace Analyst Expectations In 2025 In This Article Benzinga and Yahoo Finance LLC may earn commission or revenue on some items through the links below Only a few things can match the excitement of watching a stock you own outperform the market and make money The tricky part is figuring out In This ArticleBenzinga and Yahoo Finance LLC may earn commission or revenue on some items through the links belowOnly a few things can match the excitement of watching a stock you own outperform t 149 chars,positive
2025-01-18T15:16:05Z,Varun Beverages Fizzing or fizzling out VBL PepsiCos largest bottler in India shows strong growth potential despite challenges in the competitive beverage market Cola the sugary beverage has been one of the widelysold commodities across globe for some good time now And the cola wars as fondly called have always been the most innovative and neverending 6938 chars,positive
2025-01-18T15:13:03Z,Why Is Cliff Asness Bullish On Broadcom Inc AVGO We recently compiled a list of the 10 Best Stocks to Invest in According to Billionaire Cliff Asness In this article we are going to take a look at where We recently compiled a list of the 10 Best Stocks to Invest in According to Billionaire Cliff Asness In this article we are going to take a look at where Broadcom Inc NASDAQAVGO stands against 6491 chars,positive
2025-01-18T15:11:00Z,ROSEN NATIONAL INVESTOR COUNSEL Encourages Capri Holdings Limited Investors to Secure Counsel Before Important Deadline in Securities Class Action CPRI NEW YORK Jan 18 2025 GLOBE NEWSWIRE WHY Rosen Law Firm a global investor rights law firm reminds purchasers of stock or sellers of puts of Capri Holdings Limited NYSE CPRI between August 10 2023 and October 24 2024 both dates inclusive the NEW YORK Jan 18 2025 GLOBE NEWSWIRE WHY Rosen Law Firm a global investor rights law firm reminds purchasers of stock or sellers of puts of Capri Holdings Limited NYSE CPRI between Aug 4669 chars,positive
2025-01-18T15:08:37Z,Who Was Better For The Stock Market Biden Or Trump Access to this page has been denied because we believe you are using automation tools to browse the website This may happen as a result of the following Javascript is disabled or blocked by an extension ad blockers for example Your browser does not su Access to this page has been denied because we believe you are using automation tools to browse the websiteThis may happen as a result of the following Javascript is disabled or blocked by an exte 147 chars,positive
2025-01-18T15:08:20Z,2 Top Tech Stocks to Buy in January In This Article 2025 is off to a robust start Last months inflation rates were modest and the three largest stock market indexes were up year to date as of Jan 16 The stock market has generally soared recently with tech stocks leading the charge in thi In This Article2025 is off to a robust start Last months inflation rates were modest and the three largest stock market indexes were up year to date as of Jan 16 The stock market has generally 148 chars,positive
2025-01-18T15:00:21Z,This week in Bidenomics 4 problems for Trump Biden is leaving Trump a strong economy Yet there are still bedeviling problems President Joe Biden is leaving his successor Donald Trump a strong economy possibly the best presidential handoff since George W Bush took office in 2001 Unemployment is low COVIDera disruption 5011 chars,positive
2025-01-18T14:48:03Z,SHAREHOLDER ALERT Faruqi Faruqi LLP Investigates Claims on Behalf of Investors of Five9 SHAREHOLDER ALERT Faruqi Faruqi LLP Investigates Claims on Behalf of Investors of Five9 Faruqi amp Faruqi LLP Securities Litigation Partner James Josh Wilson Encourages Investors Who Suffered Losses Exceeding 75000 In Five9 NASDAQFIVN To Contact Him Directly To Discuss Their O 3932 chars,positive
2025-01-18T14:46:26Z,These Were the 5 WorstPerforming Stocks in the SP 500 in 2024 In This Article Returning 25 in 2024 the SP 500 delivered a recordbreaking year for stock market investors A resilient global economy coupled with interest rate cuts by the Federal Reserve continues to fuel optimism toward a strong outlook Investors ha In This ArticleReturning 25 in 2024 the SampP 500 delivered a recordbreaking year for stock market investors A resilient global economy coupled with interest rate cuts by the Federal Reserve c 154 chars,positive
2025-01-18T14:35:21Z,Trump is a wild card for the stock market this trader says Hes buckling up Volatility is the new norm market pro Jeff Bierman predicts Volatility is the new norm market pro Jeff Bierman predicts This story appeared on marketwatchcom 20250118 132900,positive
2025-01-18T14:27:00Z,Why REITs Are Set To Bounce In 2025 Real estate investment trusts REITs are making a comeback from their postpandemic downturn and weve got a chance to buy at attractive discounts Personal portfolio and online wealth management getty Real estate investment trusts REITs are making a comeback from their postpandemic downturnand with the sector still lagging the stock market 6247 chars,positive
2025-01-18T14:20:51Z,Truist Financial NYSETFC Price Target Raised to 5100 at Raymond James Truist Financial NYSETFC Get Free Report had its price target hoisted by Raymond James from 4700 to 5100 in a research report issued to clients and investors on Thursday The firm currently has an overweight rating on the insurance providers stock Truist Financial NYSETFC Get Free Report had its price target hoisted by Raymond James from 4700 to 5100 in a research report issued to clients and investors on Thursday The firm currently 6177 chars,positive
2025-01-18T14:13:20Z,This AI stock has become analysts top pick for 2025 Many analysts anticipate that artificial intelligence software will take flight in 2025 with several companies poised to benefit from the surge in interest Bank of America said in a Jan 14 research note that although the US software market grew 59 in 20 Many analysts anticipate that artificial intelligence software will take flight in 2025 with several companies poised to benefit from the surge in interestBank of America said in a Jan 14 research 137 chars,positive
2025-01-18T14:12:04Z,SHAREHOLDER ALERT Faruqi Faruqi LLP Investigates Claims on Behalf of Investors of Enphase Energy SHAREHOLDER ALERT Faruqi Faruqi LLP Investigates Claims on Behalf of Investors of Enphase Energy Faruqi amp Faruqi LLP Securities Litigation Partner James Josh Wilson Encourages Investors Who Suffered Losses Exceeding 100000 In Enphase Energy NASDAQENPH To Contact Him Directly To Discu 5885 chars,positive
2025-01-18T14:02:06Z,JESSICA TARLOV 11 Biden accomplishments we cant ignore as Trump takes office As we prepare to welcome Donald Trump back to the White House its important to not lose sight of all that has been accomplished during the BidenHarris administration Join Fox News for access to this content Plus special access to select articles and other premium content with your account free of charge By entering your email and pushing continue you are ag 5038 chars,positive
2025-01-18T14:01:57Z,Why passive investing is best for almost everyone saving for retirement Passive indexes routinely clobber funds actively managed by professional stock pickers Last year was no exception Investing in markettracking index mutual funds known as passive investing gets brandished as boringBut the truth is in the returns Index funds routinely clobber funds actively managed by profess 7774 chars,positive
2025-01-18T14:00:16Z,California Bans Insurance Policy Cancellations In Boost To Property Owners The Insurance Industry Prepares For RecordBreaking Losses The yearlong ban that Californias insurance authority rushed to impose on cancellations in parts of Los Angeles hardest hit by wildfires was likely the last California Bans Insurance Policy Cancellations In Boost To Property Owners The Insurance Industry Prepares For RecordBreaking Losses Benzinga and Yahoo Finance LLC may earn commission or revenue o 5443 chars,positive
2025-01-18T14:00:08Z,SHAREHOLDER ALERT Faruqi Faruqi LLP Investigates Claims on Behalf of Investors of Visa SHAREHOLDER ALERT Faruqi Faruqi LLP Investigates Claims on Behalf of Investors of Visa Faruqi amp Faruqi LLP Securities Litigation Partner James Josh Wilson Encourages Investors Who Suffered Losses Exceeding 100000 In Visa To Contact Him Directly To Discuss Their Options If you 4005 chars,positive
2025-01-18T14:00:00Z,Nvidia stock bleeds Bitcoin bounces back and Jamie Dimons view Markets news roundup Banking giant JPMorgan JPM has forecastedthe next wave of cryptocurrency exchangetraded funds ETFsfocusing on Solana and XRPcould experience substantial growth if the US Securities and Exchange Commission SEC gives the green light Read more The SampP 500 is close to erasing all the gains it notched since Donald Trumps election victory As of market close on Monday the SampP 500 was up just 092 since Nov 5 the day Trump clinched 202 chars,positive
2025-01-18T13:56:33Z,FO Strategy Buy Lodha call option Neutral outlook for Macrotech Developers Lodha stock with support at 1065 and resistance at 1425 consider 1200strike call option The nearterm outlook for the stock of Macrotech Developers Lodha 117695 remains neutral It finds major support at 1065 and a resistance at 1425 While the shortterm support appears at 11 1345 chars,positive
2025-01-18T13:43:07Z,Metal Auto IT Financial Services Healthcare Consumer Durables Which sector can outperform in 2025 Indian benchmark indices underperformed in 2024 but certain sectors like Healthcare and Pharma outperformed offering investment opportunities in 2025 The Indian benchmark indices the Sensex and Nifty 50 were up a little over 8 per cent each in 2024 This rise was much lower than the 20 per cent surge seen in the previous year 2023 But if we lo 8886 chars,positive
2025-01-18T13:40:00Z,ROSEN THE FIRST FILING FIRM Encourages Joint Stock Company Kaspikz Investors to Secure Counsel Before Important Deadline in Securities Class Action First Filed by the Firm KSPI NEW YORK Jan 18 2025 GLOBE NEWSWIRE WHY Rosen Law Firm a global investor rights law firm reminds purchasers of securities of Joint Stock Company Kaspikz NASDAQ KSPI between January 19 2024 and September 19 2024 both dates inclusive the Cla NEW YORK Jan 18 2025 GLOBE NEWSWIRE WHY Rosen Law Firm a global investor rights law firm reminds purchasers of securities of Joint Stock Company Kaspikz NASDAQ KSPI between January 1 3945 chars,positive
2025-01-18T13:34:52Z,FPIs continue equity selling spree outflows touch 44396 crore till Jan 17 Foreign Portfolio Investors FPIs continue selling spree in Indian equities amid rising US yields and dollar strength Amid rising US yields driven by a strengthening dollar and ahead of US Presidentelect Donald Trumps inauguration Foreign Portfolio Investors FPIs extended their selling spree in Indian equities 3339 chars,positive
2025-01-18T13:34:52Z,FPIs continue equity selling spree outflows touch 44396 crore till Jan 17 Foreign Portfolio Investors FPIs continue selling spree in Indian equities amid rising US yields and dollar strength Amid rising US yields driven by a strengthening dollar and ahead of US Presidentelect Donald Trumps inauguration Foreign Portfolio Investors FPIs extended their selling spree in Indian equities 3339 chars,positive
2025-01-18T13:30:00Z,Trump offered a bountiful batch of campaign promises that come due on Day 1 Your head will spin when you see whats going to happen Trump said Heres a closer look at what he promised to do on Day 1 After Donald Trump becomes president again he is on the hook for achieving a hefty chunk of his campaign promises even before the day is out One of those promises is to make you dizzy Your head 48900 chars,positive
2025-01-18T13:30:00Z,Trump offered a bountiful batch of campaign promises that come due on Day 1 Your head will spin when you see whats going to happen Trump said Heres a closer look at what he promised to do on Day 1 After Donald Trump becomes president again he is on the hook for achieving a hefty chunk of his campaign promises even before the day is out One of those promises is to make you dizzy Your head 48432 chars,positive
2025-01-18T13:30:00Z,I Tried the New Lays Potato Chip Flavor and I Get Why Fans Have Been Begging for It for Years This is a chip for maximalists READ MORE We independently select these productsif you buy from one of our links we may earn a commission All prices were accurate at the time of publishing If youre as into the world of snacking and chip 2692 chars,positive
2025-01-18T13:24:03Z,SHAREHOLDER ALERT Faruqi Faruqi LLP Investigates Claims on Behalf of Investors of DMC SHAREHOLDER ALERT Faruqi Faruqi LLP Investigates Claims on Behalf of Investors of DMC Faruqi amp Faruqi LLP Securities Litigation Partner James Josh Wilson Encourages Investors Who Suffered Losses Exceeding 75000 In DMC To Contact Him Directly To Discuss Their Options If you s 4543 chars,positive
2025-01-18T13:23:45Z,Irenic takes a position at KBR Heres how the activist may help improve shareholder value Activist Irenic Capital Management has a stake in government contractor KBR Business KBR provides scientific technology and engineering solutions to governments and companies around the world The company operates through two segments Government Solutions and Sustainable 7854 chars,positive
2025-01-18T13:08:03Z,CAPRI HOLDINGS CPRI Investors are Notified the Company has been Sued for Securities Fraud and are Urged to Contact BFA Law by February 21 CAPRI HOLDINGS CPRI Investors are Notified the Company has been Sued for Securities Fraud and are Urged to Contact BFA Law by February 21 New York New YorkNewsfile Corp January 18 2025 Leading securities law firm Bleichmar Fonti amp Auld LLP announces that a lawsuit has been filed against Capri Holdings Limited NYSE NYSE 3835 chars,positive
2025-01-18T13:06:47Z,4 Reasons to Buy Lucid Motors Stock in 2025 And 2 Reasons to Stay Far Away Your browser of choice has not been tested for use with Barchartcom If you have issues please download one of the browsers listed here Join Barchart Premier to get Screeners that run automatically with the results emailed to you FREE 30 Day Trial Marke Your browser of choice has not been tested for use with Barchartcom If you have issues please download one of the browsers listed hereJoin Barchart Premier to get Screeners that run automatically 137 chars,positive
2025-01-18T13:05:21Z,Amazon Bombay Market White Basmati Rice 4lb 1424 Save on this Bombay Market White Basmati Rice 4lb with no Amazon coupon required Click through to score it for 1424 or less with free shipping when you select subscribe save Be sure to cancel SS if you dont want more delivered laterbr br stro Stock up on essential pantry items amp save big From pasta amp rice to canned goods amp snacks find unbeatable deals on everyday ingredients for your kitchen,positive
2025-01-18T13:00:53Z,Flying taxis are on the horizon as aviation soars into a new frontier We are just a few steps from the finish line We want to turn what are now one and twohour trips into fiveminute trips SAN FRANCISCO When he was still a boy making long tedious trips between his school and his woodsy home in the mountains during the 1980s JoeBen Bevirt began fantasizing about flying cars that cou 6560 chars,positive
2025-01-18T13:00:17Z,Commerce nominee Lutnick is backer of outlaws favorite cryptocurrency Bloomberg To the crypto company Tether the account was identified only by a 31character string TTAHMdqoom4f2VTWniroPWQHcTRZ4caMost Read from Bloomberg To the crypto company Tether the account was identified only by a 31character string TTAHMdqoom4f2VTWniroPWQHcTRZ4caIts a cryptocurrency wallet address one of more than 300 million a 14746 chars,positive
2025-01-18T13:00:00Z,Buying Airline Stocks Which Ones Give You Perks as a Shareholder in 2025 Discover which airlines offer unique shareholder perks in 2025 enhancing your travel experiences From discounts with ANA and Japan Airlines to exclusivity with Air FranceKLM find out how your investments can yield more than just financial returns Investing in airline stocks has always been a topic of keen interest for travelers and investors alike The allure of this sector lies not only in its potential for financial returns but also in the 16909 chars,positive
2025-01-18T12:56:04Z,SHAREHOLDER ALERT Faruqi Faruqi LLP Investigates Claims on Behalf of Investors of Regeneron Pharmaceuticals SHAREHOLDER ALERT Faruqi Faruqi LLP Investigates Claims on Behalf of Investors of Regeneron Pharmaceuticals Faruqi amp Faruqi LLP Securities Litigation Partner James Josh Wilson Encourages Investors Who Suffered Losses Exceeding 100000 In Regeneron NASDAQREGN To Contact Him Directly To Discuss Th 5238 chars,positive
2025-01-18T12:55:48Z,US Stock prediction on Donald Trump oath ceremony Check Donald Trump inauguration impact on Wall street SP 500 Dow Jones Nasdaq Donald Trump oath ceremony is taking place on January 20 and the inauguration event will have an impact on US stock market Artificial IntelligenceAI AI and Analytics based Business Strategy By Tanusree De Managing Director Accenture Technology Lead Trustworthy AI Center of Excellence ATCI View Program,positive
2025-01-18T12:55:41Z,Is the stock market open or closed on MLK Day 2025 See holiday schedule US stock markets will be closed on Monday Jan 20 in observance of the Martin Luther King Jr Day holiday President Ronald Reagan signed the King Holiday Bill into law on Nov 2 1983 thus designating the third Monday in January a federal holiday in obs US stock markets will be closed on Monday Jan 20 in observance of the Martin Luther King Jr Day holidayPresident Ronald Reagan signed the King Holiday Bill into law on Nov 2 1983 thus desig 142 chars,positive
2025-01-18T12:55:39Z,Stockmarket rally depends on answer to this real question about bond yields For stocks much depends on whether the past week marked a peak in yields or was merely a snapback after getting technically overstretched For stocks much depends on whether the past week marked a peak in yields or was merely a snapback after getting technically overstretched This story appeared on marketwatchcom 20250118 11550 1 chars,positive
2025-01-18T12:52:49Z,Thurston Springer Miller Herd Titak Inc Purchases 1249 Shares of Fortinet Inc NASDAQFTNT Thurston Springer Miller Herd Titak Inc boosted its position in shares of Fortinet Inc NASDAQFTNT Free Report by 26021 in the fourth quarter according to its most recent filing with the Securities Exchange Commission The fund owned 1297 shar Thurston Springer Miller Herd amp Titak Inc boosted its position in shares of Fortinet Inc NASDAQFTNT Free Report by 26021 in the fourth quarter according to its most recent filing with 5301 chars,positive
2025-01-18T12:52:49Z,25051 Shares in Johnson Johnson NYSEJNJ Acquired by RH Investment Group LLC RH Investment Group LLC purchased a new stake in Johnson Johnson NYSEJNJ Free Report during the 4th quarter according to its most recent filing with the Securities and Exchange Commission SEC The institutional investor purchased 25051 shares of RH Investment Group LLC purchased a new stake in Johnson amp Johnson NYSEJNJ Free Report during the 4th quarter according to its most recent filing with the Securities and Exchange Commissi 6507 chars,positive
2025-01-18T12:47:27Z,UBS Group Forecasts Strong Price Appreciation for JPMorgan Chase Co NYSEJPM Stock JPMorgan Chase Co NYSEJPM had its target price boosted by equities research analysts at UBS Group from 27600 to 28700 in a report issued on ThursdayBenzinga reports The firm currently has a buy rating on the financial services providers stock JPMorgan Chase amp Co NYSEJPM had its target price boosted by equities research analysts at UBS Group from 27600 to 28700 in a report issued on ThursdayBenzinga reports The firm currently 6122 chars,positive
2025-01-18T12:40:06Z,SHAREHOLDER ALERT Faruqi Faruqi LLP Investigates Claims on Behalf of Investors of Cassava SHAREHOLDER ALERT Faruqi Faruqi LLP Investigates Claims on Behalf of Investors of Cassava Faruqi amp Faruqi LLP Securities Litigation Partner James Josh Wilson Encourages Investors Who Suffered Losses Exceeding 75000 In Cassava To Contact Him Directly To Discuss Their Options If y 3752 chars,positive
2025-01-18T12:39:12Z,Mutual funds average AUM surges 27 in December quarter on the back of strong NFOs and SIP inflows Mutual fund industry fund collection through new fund offers increased a whopping 85 per cent to 118 lakh crore Thanks to the robust new fund offers NFO and steady inflows through systematic investment plan SIP mutual funds have made most of the bullish sentiments in the stock market with their average as 2111 chars,positive
2025-01-18T12:36:10Z,SHAREHOLDER ALERT Faruqi Faruqi LLP Investigates Claims on Behalf of Investors of Capri Holdings SHAREHOLDER ALERT Faruqi Faruqi LLP Investigates Claims on Behalf of Investors of Capri Holdings Faruqi amp Faruqi LLP Securities Litigation Partner James Josh Wilson Encourages Investors Who Suffered Losses Exceeding 100000 In Capri To Contact Him Directly To Discuss Their Options If yo 4484 chars,positive
2025-01-18T12:33:27Z,This Is One of the Largest Companies in the Worldand the Stock Is an Absolute Bargain There are 10 companies in the world that currently have a market cap of more than 1 trillion It would be reasonable to assume that none of these businesses have bargain stocks These companies are very well known and their valuations prove that huge swaths There are 10 companies in the world that currently have a market cap of more than 1 trillion It would be reasonable to assume that none of these businesses have bargain stocks These companies are 142 chars,positive
2025-01-18T12:30:53Z,Is the stock market open or closed on MLK Day 2025 See holiday schedule If you click Accept all we and our partners including 239 who are part of the IAB Transparency amp Consent Framework will also store andor access information on a device in other words use 703 chars,positive
2025-01-18T12:27:01Z,Im a financial writer but Im not teaching my teenagers about investing Its hard to get excited about stocks before you have an income Im a financial writer with two teenagers Instead of teaching them how to invest Im focusing on financial values The author not pictured is a financial writer but isnt teaching his kids about investing yetImgorthandGetty Images ulliIm a financial writer but Im not teaching my kids how to invest yet 4119 chars,positive
2025-01-18T12:23:45Z,Forget Prismatic Evolutions Im Buying These UK Silver Tempest Deals Single card values are blasting off again so its a great time to buy Silver Tempest whilst its in stock Whilst Pok√©mon TCG trainers are scrambling to find Prismatic Evolutions this weekend Im thinking outside Bills PC Box by looking at older sets that are still available for RRP Silver Tempest is in 3842 chars,positive
2025-01-18T12:17:54Z,Calculating The Intrinsic Value Of JB Hunt Transport Services Inc NASDAQJBHT Key Insights JB Hunt Transport Services estimated fair value is US179 based on 2 Stage Free Cash Flow to Equity In this article we are going to estimate the intrinsic value of JB Hunt Transport Services Inc NASDAQJBHT by estimating the companys future cash flows and discounting them to their present va 6409 chars,positive
2025-01-18T12:03:01Z,DOGE is yet another responsibility on Elon Musks plate That doesnt faze these Tesla investors Elon Musk has his work cut out for him as DOGE kicks into gear Many shareholders arent worried about him losing focus on Tesla A dozen Tesla shareholders talked with BI about how they felt about Elon Musks latest job working with the Trump administration to cut costs across the federal governmentSpencer PlattGetty Images 7536 chars,positive
2025-01-18T12:02:23Z,Secret UK mini cabinet tries to plan for unpredictable Trump On security and on the economy Westminster feels both worry and hope as Donald Trump heads back to the White House Everybodys nervous because they simply dont know what he is going to do That is the basic truth about Trump for governments business bosses military chiefs and maybe you feel it too as he ge 11534 chars,positive
2025-01-18T12:00:00Z,USDJPY Forecast Trump and BoJ Set to Spark Volatility Amid Yield Disconnect USDJPYs usual ties to Treasury yields are wilting leaving the pair at the mercy of Trumps tariff moves and the BoJs rate decision With key levels in play and volatility brewing this will set you up for the week ahead ulliUSDJPY has decoupled from US Treasury yields creating uncertaintyliliTrump inauguration may trigger significant market volatility depending on tariff decisionsliliBoJs rate deci 7321 chars,positive
2025-01-18T11:41:27Z,Why investors can home in on this large realty player At 1178 the stock trades at 24 times its per share earnings for FY26 making it a reasonable bet for investors with a twothree year perspective In the last threefour years Indias realty segment has bounced back strongly after a prolonged period of lull seveneight years before 2021 As the strong demand for larger houses postCovid and h 4688 chars,positive
2025-01-18T11:34:50Z,Wedmont Private Capital Has 210000 Stake in L3Harris Technologies Inc NYSELHX Wedmont Private Capital lowered its holdings in L3Harris Technologies Inc NYSELHX Free Report by 103 in the fourth quarter Holdings Channel reports The firm owned 1010 shares of the companys stock after selling 116 shares during the quarter Wedm Wedmont Private Capital lowered its holdings in L3Harris Technologies Inc NYSELHX Free Report by 103 in the fourth quarter Holdings Channel reports The firm owned 1010 shares of the compa 6005 chars,positive
2025-01-18T11:30:00Z,Its Time To Buy BondsHeres Why And How These 25 Best Buy bond funds deliver the features you select at a price you cant beat Dramatic move this month from Vanguard Group Its saying that the classic portfolio of 60 stocks and 40 bonds with which it has been so enamored for so long might not be quite right Consider it 11622 chars,positive
2025-01-18T11:30:00Z,What Musks Tweets Reveal About His Relationship With China As Elon Musk grew Teslas business in China he publicly cozied up to its leaders on his favorite social media platform Tesla CEO Elon Musk attends the groundbreaking ceremony of Tesla Shanghai gigafactory on Jan 7 2019 Xinhua News Agency via Getty Images Earlier this week reports emerged that Chinas rulers view 8040 chars,positive
2025-01-18T11:23:58Z,Invesco India Multicap Fund An equity fund that engages all marketcap segments Invesco India Multicap Fund offers true diversification with consistent returns making it ideal for disciplined longterm investors Indian equity markets have been on a roller coaster ride over the last four months The benchmark indices corrected notably after reaching their alltime peaks in September 2024 For instance the Ni 5475 chars,positive
2025-01-18T11:23:26Z,IPO Calendar 4 new issues 7 listings to keep primary markets busy next week Four new IPOs will open next week including three in the SME segment with a strong primary market momentum forecasted The Denta Water and Infra IPO opens on January 22 Whats moving Sensex and Nifty Track latest market news stock tips Budget 2024 and expert advice on ETMarkets Also ETMarketscom is now on Telegram For fastest news alerts on financial markets 317 chars,positive
2025-01-18T11:07:05Z,SeaCrest Wealth Management LLC Has 340000 Position in Cummins Inc NYSECMI SeaCrest Wealth Management LLC grew its holdings in Cummins Inc NYSECMI Free Report by 61 during the fourth quarter according to its most recent 13F filing with the Securities and Exchange Commission SEC The firm owned 974 shares of the companys SeaCrest Wealth Management LLC grew its holdings in Cummins Inc NYSECMI Free Report by 61 during the fourth quarter according to its most recent 13F filing with the Securities and Exchange C 5399 chars,positive
2025-01-18T11:07:05Z,Fifth Third Wealth Advisors LLC Raises Holdings in Rockwell Automation Inc NYSEROK Fifth Third Wealth Advisors LLC boosted its stake in Rockwell Automation Inc NYSEROK Free Report by 66 during the fourth quarter Holdings Channelcom reports The firm owned 1229 shares of the industrial products companys stock after buying an add Fifth Third Wealth Advisors LLC boosted its stake in Rockwell Automation Inc NYSEROK Free Report by 66 during the fourth quarter Holdings Channelcom reports The firm owned 1229 shares of 6523 chars,positive
2025-01-18T11:07:04Z,Assenagon Asset Management SA Sells 343370 Shares of Spotify Technology SA NYSESPOT Assenagon Asset Management SA reduced its holdings in shares of Spotify Technology SA NYSESPOT Free Report by 903 in the fourth quarter according to the company in its most recent disclosure with the Securities and Exchange Commission The fund ow Assenagon Asset Management SA reduced its holdings in shares of Spotify Technology SA NYSESPOT Free Report by 903 in the fourth quarter according to the company in its most recent disclos 5019 chars,positive
2025-01-18T11:07:01Z,Thurston Springer Miller Herd Titak Inc Has 59000 Holdings in Snowflake Inc NYSESNOW Thurston Springer Miller Herd Titak Inc grew its position in Snowflake Inc NYSESNOW Free Report by 310 in the 4th quarter according to the company in its most recent Form 13F filing with the Securities and Exchange Commission SEC The firm owned Thurston Springer Miller Herd amp Titak Inc grew its position in Snowflake Inc NYSESNOW Free Report by 310 in the 4th quarter according to the company in its most recent Form 13F filing w 4955 chars,positive
2025-01-18T11:07:00Z,Burney Co Sells 1576 Shares of CrowdStrike Holdings Inc NASDAQCRWD Burney Co lowered its position in CrowdStrike Holdings Inc NASDAQCRWD Free Report by 421 in the fourth quarter Holdings Channelcom reports The fund owned 2171 shares of the companys stock after selling 1576 shares during the period Burney Co Burney Co lowered its position in CrowdStrike Holdings Inc NASDAQCRWD Free Report by 421 in the fourth quarter Holdings Channelcom reports The fund owned 2171 shares of the companys st 5719 chars,positive
2025-01-18T11:07:00Z,Burney Co Has 701000 Position in Bank OZK NASDAQOZK Burney Co cut its position in Bank OZK NASDAQOZK Free Report by 212 during the 4th quarter according to the company in its most recent disclosure with the SEC The firm owned 15753 shares of the companys stock after selling 4232 shares during the Burney Co cut its position in Bank OZK NASDAQOZK Free Report by 212 during the 4th quarter according to the company in its most recent disclosure with the SEC The firm owned 15753 shares o 4630 chars,positive
