publishedAt,title,description,content
2025-01-18T18:29:54Z,"President Trump, please don’t stop the music","It's easy to take for granted the convenience afforded to us now. During the recent snowstorm in Washington D.C., I recall wondering beforehand whether I should 'stock up' at a grocery store to ensure I had enough food, or purchase flashlights and batteries i…","It’s easy to take for granted the convenience afforded to us now. During the recent snowstorm in Washington D.C., I recall wondering beforehand whether I should ‘stock up’ at a grocery store to ensur… [+3934 chars]"
2025-01-18T18:27:15Z,MLK Day 2025: Will the US stock market remain open or is it a federal holiday?,"Apart from the USA, Martin Luther King Jr. Day is celebrated in other countries, such as Canada, Israel, and the Netherlands.","The U.S. stock markets will observe a closure on Monday, January 20, 2025, in commemoration of Martin Luther King Jr. Day, a federal holiday. The holiday was officially signed into law by President R… [+2813 chars]"
2025-01-18T18:17:33Z,"Veteran analyst expects Switch 2 to be ""a massive success,"" but doesn't see it matching the ""outlier"" that was the Switch 1: ""It could happen, but it's not likely""",Lightning doesn't strike twice,"The Nintendo Switch 2 was officially announced this week, but one analyst we spoke to doesn't think it will reach the same lofty heights as its predecessor.
""Switch 2 can (and I expect it to) be a m… [+3969 chars]"
2025-01-18T18:16:47Z,Two Stock Ideas for the New Trump Era,"Don’t Wait for a Correction to Join a Bull Market
If you’re interested in investing, you’re likely familiar with Warren Buffet’s famous quote from his 1986 Chairman’s letter: “Be fearful when others are greedy and greedy when others are fearful.”
But there is…","Dont Wait for a Correction to Join a Bull MarketIf youre interested in investing, youre likely familiar with Warren Buffets famous quote from his 1986 Chairmans letter: Be fearful when others are gre… [+137 chars]"
2025-01-18T18:14:52Z,Only One Group Has Shown Consistent Relative Strength For The Past Year,"When I look back at leading industry groups for the past day, week, month, 3-month, 6-month, and 1-year periods, only one industry group has been among the Top 20 industry groups for each of those 6 different periods. It's a group that I liked heading into 20…","When I look back at leading industry groups for the past day, week, month, 3-month, 6-month, and 1-year periods, only one industry group has been among the Top 20 industry groups for each of those 6 … [+4424 chars]"
2025-01-18T17:43:07Z,"Jim Cramer's Market Outlook: Strong Earnings, Trump Inauguration, and What's Next for Investors","Top banks reported strong earnings this week, with impressive results from Wells Fargo & Company (NYSE:WFC) and Goldman Sachs Group, Inc. (NYSE:GS).
Despite significant gains in their stock prices, analysts believe these banks still have room for growth, than…","Top banks reported strong earnings this week, with impressive results from Wells Fargo &amp; Company (NYSE:WFC) and Goldman Sachs Group, Inc. (NYSE:GS).Despite significant gains in their stock prices… [+150 chars]"
2025-01-18T17:35:35Z,Financial Education and Economic Development,"Financial education is an essential component for the economic and social development of nations. In an increasingly interconnected world, understanding how personal finances and markets operate is an indispensable skill for individuals and economies alike. H…","Financial education is an essential component for the economic and social development of nations. In an increasingly interconnected world, understanding how personal finances and markets operate is a… [+4570 chars]"
2025-01-18T17:24:35Z,Why Are Analysts Bullish On StoneCo Ltd. (STNE) Now?,"We recently compiled a list of the 12 Best Software Stocks to Buy According to Analysts. In this article, we are going to take a look at where StoneCo Ltd. (...","We recently compiled a list of the 12 Best Software Stocks to Buy According to Analysts. In this article, we are going to take a look at where StoneCo Ltd. (NASDAQ:STNE) stands against the other soft… [+6123 chars]"
2025-01-18T17:22:36Z,Why Are Analysts Bullish On WEBTOON Entertainment Inc. (WBTN) Now?,"We recently compiled a list of the 12 Best Software Stocks to Buy According to Analysts. In this article, we are going to take a look at where WEBTOON...","We recently compiled a list of the 12 Best Software Stocks to Buy According to Analysts. In this article, we are going to take a look at where WEBTOON Entertainment Inc. (NASDAQ:WBTN) stands against … [+5289 chars]"
2025-01-18T17:20:21Z,Why Are Analysts Bullish On PagSeguro Digital Ltd. (PAGS) Now?,"We recently compiled a list of the 12 Best Software Stocks to Buy According to Analysts. In this article, we are going to take a look at where PagSeguro...","We recently compiled a list of the 12 Best Software Stocks to Buy According to Analysts. In this article, we are going to take a look at where PagSeguro Digital Ltd. (NYSE:PAGS) stands against the ot… [+5520 chars]"
2025-01-18T17:14:17Z,"Why Are Analysts Bullish On Alight, Inc. (ALIT) Now?","We recently compiled a list of the 12 Best Software Stocks to Buy According to Analysts. In this article, we are going to take a look at where Alight, Inc. (...","We recently compiled a list of the 12 Best Software Stocks to Buy According to Analysts. In this article, we are going to take a look at where Alight, Inc. (NYSE:ALIT) stands against the other softwa… [+6554 chars]"
2025-01-18T17:08:31Z,Why Are Analysts Bullish On Jamf Holding Corp. (JAMF) Now?,"We recently compiled a list of the 12 Best Software Stocks to Buy According to Analysts. In this article, we are going to take a look at where Jamf Holding...","We recently compiled a list of the 12 Best Software Stocks to Buy According to Analysts. In this article, we are going to take a look at where Jamf Holding Corp. (NASDAQ:JAMF) stands against the othe… [+5935 chars]"
2025-01-18T17:04:27Z,"MLK Day: What’s open and closed? Will banks, post offices, and grocery stores remain closed?","The first Martin Luther King Jr. Day was celebrated on Jan. 20, 1986.","Martin Luther King Jr. Day, observed on Monday, January 20, 2025, is a federal holiday commemorating the life and legacy of Dr. Martin Luther King Jr., a pivotal figure in the civil rights movement. … [+2811 chars]"
2025-01-18T17:00:00Z,How Buffett and Munger helped Americans become savvy investors,A new book reveals the winning strategies of investment gurus Warren Buffett and Charlie Munger.,"Warren Buffett always wanted to make money. As a child growing up in Omaha, Neb., he traded Coca-Cola and chewing gum with other kids, sold stamps and golf balls to adults, and worked in his dads gro… [+5462 chars]"
2025-01-18T17:00:00Z,How Buffett and Munger helped Americans become savvy investors,A new book reveals the winning strategies of investment gurus Warren Buffett and Charlie Munger.,"Warren Buffett always wanted to make money. As a child growing up in Omaha, Neb., he traded Coca-Cola and chewing gum with other kids, sold stamps and golf balls to adults, and worked in his dads gro… [+5462 chars]"
2025-01-18T16:59:31Z,"Should You Buy Ethereum While It's Under $3,500?","As of Jan. 16, the Ethereum (CRYPTO: ETH) cryptocurrency had gained 37% in a year. It was a wild ride along the way, however, with coin prices ranging from $2,220 to $4,070. All told, the second-largest name in crypto barely managed to outperform a stellar sh…","As of Jan. 16, the Ethereum (CRYPTO: ETH) cryptocurrency had gained 37% in a year. It was a wild ride along the way, however, with coin prices ranging from $2,220 to $4,070. All told, the second-larg… [+153 chars]"
2025-01-18T16:58:18Z,"Broadcom, Goldman Sachs Lead 5 Stocks In Buy Areas With This Bullish Base",Broadcom is one of three AI plays on this weekend's watchlist.,"Broadcom (AVGO) and Goldman Sachs (GS) lead this weekend's watch list of five stocks above traditional or early buy points, all of which have etched out flat bases that signal resilience in a choppy … [+6401 chars]"
2025-01-18T16:52:00Z,"CELH DEADLINE ALERT: ROSEN, A GLOBALLY RESPECTED LAW FIRM, Encourages Celsius Holdings, Inc. Investors to Secure Counsel Before Important January 21 Deadline in Securities Class Action – CELH","NEW YORK, Jan. 18, 2025 (GLOBE NEWSWIRE) -- WHY: Rosen Law Firm, a global investor rights law firm, reminds purchasers of common stock and sellers of puts of Celsius Holdings, Inc. (NASDAQ: CELH) between February 29, 2024 and September 4, 2024, both dates inc…","NEW YORK, Jan. 18, 2025 (GLOBE NEWSWIRE) -- 
WHY: Rosen Law Firm, a global investor rights law firm, reminds purchasers of common stock and sellers of puts of Celsius Holdings, Inc. (NASDAQ: CELH) b… [+4156 chars]"
2025-01-18T16:28:47Z,My First Love on Four Wheels: A 1988 BMW 325iC Cabrio Story,"“Tha-aa-at leads… to your door…” sang my new ‘88 BMW 325iC spiritually with Sir Paul, filling my ears with mutual emotion, whilst I injected my lungs with the inviting refinement of charismatically-aged, yet stunningly clean,...
First published by https://www…","Tha-aa-at leads to your door sang my new 88 BMW 325iC spiritually with Sir Paul, filling my ears with mutual emotion, whilst I injected my lungs with the inviting refinement of charismatically-aged, … [+12955 chars]"
2025-01-18T16:18:53Z,Truist Financial Co. (NYSE:TFC) Shares Sold by Assenagon Asset Management S.A.,"Assenagon Asset Management S.A. trimmed its holdings in shares of Truist Financial Co. (NYSE:TFC – Free Report) by 82.3% during the fourth quarter, according to the company in its most recent Form 13F filing with the SEC. The fund owned 374,485 shares of the …","Assenagon Asset Management S.A. trimmed its holdings in shares of Truist Financial Co. (NYSE:TFC – Free Report) by 82.3% during the fourth quarter, according to the company in its most recent Form 13… [+6690 chars]"
2025-01-18T16:15:19Z,Today’s news in a nutshell,"KATHMANDU: Khabarhub brings you a glimpse of major developments of the day in Nepal, including politics, business/economy, sports, entertainment, and more. Prachanda declares Maoist Centre will emerge as first party in 2027 local elections Former Prime Minist…","KATHMANDU: Khabarhub brings you a glimpse of major developments of the day in Nepal, including politics, business/economy, sports, entertainment, and more.
Prachanda declares Maoist Centre will emer… [+3416 chars]"
2025-01-18T16:11:00Z,Bond funds are offering a ‘double whammy’ for investors,Many of these funds are trading at deep discounts and may have tempting distribution yields,"These funds are worth a closer look. - Getty Images
Closed-end bond funds, long a staple investment for retirees and those seeking income from their investments, have been left in a fire-sale enviro… [+4784 chars]"
2025-01-18T15:59:38Z,"Even before TikTok's troubles, Chinese companies were wary of Washington","According to investors and experts, companies with ties to China are now facing increased regulatory and political scrutiny, leading some to reconsider doing business or going public in the US. None want to face the same challenges as TikTok, which spent year…","Chinese tech companies long looked to the United States as a key market and source of investment. Firms like ByteDance, the company behind TikTok, courted major American investment firms like General… [+4184 chars]"
2025-01-18T15:54:56Z,Why Is Universal Corporation (UVV) Among Louis Navellier’s Top Long-term Stock Picks?,"We recently compiled a list of the Louis Navellier’s Top 15 Long-Term Stock Picks. In this article, we are going to take a look at where Universal...","We recently compiled a list of the Louis Navellier's Top 15 Long-Term Stock Picks. In this article, we are going to take a look at where Universal Corporation (NYSE:UVV) stands against the other stoc… [+4600 chars]"
2025-01-18T15:53:18Z,Stock-market rally depends on answer to this ‘real question’ about bond yields - MarketWatch,"Stock-market rally depends on answer to this ‘real question’ about bond yieldsMarketWatch Trump inauguration trades: The sectors that could win in the early daysCNBC Trump’s Presidency Comes With High Expectations. The Fallout for TikTok, XRP, Stock Markets a…",The Fine Print: The following comments are owned by whoever posted them. We are not responsible for them in any way.
2025-01-18T15:47:18Z,Thurston Springer Miller Herd & Titak Inc. Raises Position in Truist Financial Co. (NYSE:TFC),"Thurston Springer Miller Herd & Titak Inc. increased its stake in Truist Financial Co. (NYSE:TFC – Free Report) by 48.7% during the fourth quarter, according to the company in its most recent 13F filing with the SEC. The firm owned 2,963 shares of the insuran…","Thurston Springer Miller Herd &amp; Titak Inc. increased its stake in Truist Financial Co. (NYSE:TFC – Free Report) by 48.7% during the fourth quarter, according to the company in its most recent 13F… [+6193 chars]"
2025-01-18T15:42:07Z,2 Top Tech Stocks to Buy in January,"2025 is off to a robust start. Last month's inflation rates were modest, and the three largest stock market indexes were up year to date as of Jan. 16. The stock market has generally soared recently, with tech stocks leading the charge in this bull market.
Ho…","2025 is off to a robust start. Last month's inflation rates were modest, and the three largest stock market indexes were up year to date as of Jan. 16. The stock market has generally soared recently,… [+146 chars]"
2025-01-18T15:41:52Z,These Were the 5 Worst-Performing Stocks in the S&P 500 in 2024,"Returning 25% in 2024, the S&P 500 delivered a record-breaking year for stock market investors. A resilient global economy coupled with interest rate cuts by the Federal Reserve continues to fuel optimism toward a strong outlook. Investors have also cheered r…","Returning 25% in 2024, the S&amp;P 500 delivered a record-breaking year for stock market investors. A resilient global economy coupled with interest rate cuts by the Federal Reserve continues to fuel… [+150 chars]"
2025-01-18T15:41:39Z,Biden vs. Trump: Who Had the Better Stock Market?,"Stocks rose on Friday, capping off a strong run for markets under President Joe Biden and putting equities near record highs ahead of Donald Trump’s inauguration on Monday.
The S&P 500 rose 1% on Friday, putting it up 58% since Joe Biden’s inauguration on Jan…","Stocks rose on Friday, capping off a strong run for markets under President Joe Biden and putting equities near record highs ahead of Donald Trumps inauguration on Monday.The S&amp;P 500 rose 1% on F… [+158 chars]"
2025-01-18T15:36:05Z,"SHAREHOLDER ALERT: Faruqi & Faruqi, LLP Investigates Claims on Behalf of Investors of Marqeta","SHAREHOLDER ALERT: Faruqi & Faruqi, LLP Investigates Claims on Behalf of Investors of Marqeta","Faruqi &amp; Faruqi, LLP Securities Litigation Partner James (Josh) Wilson Encourages Investors Who Suffered Losses Exceeding $50,000 In Marqeta (NASDAQ:MQ) To Contact Him Directly To Discuss Their O… [+3435 chars]"
2025-01-18T15:34:14Z,"Who Am I? Jan 19, 2025","Identify the company using five clues - market cap growth, ownership changes, stock performance, RoE, last week’s winner.","Heres a challenge. Using the five clues below, identify the company that is being talked about here.
1 I have undergone several business transformations over my 100-plus years history but a name cha… [+635 chars]"
2025-01-18T15:33:43Z,Why Is Cliff Asness Bullish On Apple Inc. (AAPL)?,"We recently compiled a list of the 10 Best Stocks to Invest in According to Billionaire Cliff Asness. In this article, we are going to take a look at where...","We recently compiled a list of the 10 Best Stocks to Invest in According to Billionaire Cliff Asness. In this article, we are going to take a look at where Apple Inc. (NASDAQ:AAPL) stands against the… [+6825 chars]"
2025-01-18T15:32:34Z,Trump inauguration trades: The sectors that could win in the early days - CNBC,"Trump inauguration trades: The sectors that could win in the early daysCNBC Trump’s Presidency Comes With High Expectations. The Fallout for TikTok, XRP, Stock Markets and 5 Other Things to Know Today.Barron's How Fortunes Will Be Made And Retirements Lost In…","IBM Advanced Systems Group -- a bunch of mindless jerks, who'll be first
against the wall when the revolution comes...
-- with regrets to D. Adams"
2025-01-18T15:19:29Z,Jim Cramer Thinks These Two Stocks (WFC) (TJX) Will Continue To Outpace Analyst Expectations In 2025,"In This Article:
Benzinga and Yahoo Finance LLC may earn commission or revenue on some items through the links below.
Only a few things can match the excitement of watching a stock you own outperform the market and make money. The tricky part is figuring out …",In This Article:Benzinga and Yahoo Finance LLC may earn commission or revenue on some items through the links below.Only a few things can match the excitement of watching a stock you own outperform t… [+149 chars]
2025-01-18T15:16:05Z,Varun Beverages: Fizzing or fizzling out?,"VBL, PepsiCo's largest bottler in India, shows strong growth potential despite challenges in the competitive beverage market.","Cola, the sugary beverage, has been one of the widely-sold commodities across globe for some good time now. And the cola wars, as fondly called, have always been the most innovative and never-ending.… [+6938 chars]"
2025-01-18T15:13:03Z,Why Is Cliff Asness Bullish On Broadcom Inc. (AVGO)?,"We recently compiled a list of the 10 Best Stocks to Invest in According to Billionaire Cliff Asness. In this article, we are going to take a look at where...","We recently compiled a list of the 10 Best Stocks to Invest in According to Billionaire Cliff Asness. In this article, we are going to take a look at where Broadcom Inc. (NASDAQ:AVGO) stands against … [+6491 chars]"
2025-01-18T15:11:00Z,"ROSEN, NATIONAL INVESTOR COUNSEL, Encourages Capri Holdings Limited Investors to Secure Counsel Before Important Deadline in Securities Class Action – CPRI","NEW YORK, Jan. 18, 2025 (GLOBE NEWSWIRE) -- WHY: Rosen Law Firm, a global investor rights law firm, reminds purchasers of stock or sellers of puts of Capri Holdings Limited (NYSE: CPRI) between August 10, 2023 and October 24, 2024, both dates inclusive (the “…","NEW YORK, Jan. 18, 2025 (GLOBE NEWSWIRE) -- 
WHY: Rosen Law Firm, a global investor rights law firm, reminds purchasers of stock or sellers of puts of Capri Holdings Limited (NYSE: CPRI) between Aug… [+4669 chars]"
2025-01-18T15:08:37Z,Who Was Better For The Stock Market? Biden Or Trump?,"Access to this page has been denied because we believe you are using automation tools to browse the website.
This may happen as a result of the following:
- Javascript is disabled or blocked by an extension (ad blockers for example)
- Your browser does not su…",Access to this page has been denied because we believe you are using automation tools to browse the website.This may happen as a result of the following:- Javascript is disabled or blocked by an exte… [+147 chars]
2025-01-18T15:08:20Z,2 Top Tech Stocks to Buy in January,"In This Article:
2025 is off to a robust start. Last month's inflation rates were modest, and the three largest stock market indexes were up year to date as of Jan. 16. The stock market has generally soared recently, with tech stocks leading the charge in thi…","In This Article:2025 is off to a robust start. Last month's inflation rates were modest, and the three largest stock market indexes were up year to date as of Jan. 16. The stock market has generally … [+148 chars]"
2025-01-18T15:00:21Z,This week in Bidenomics: 4 problems for Trump,Biden is leaving Trump a strong economy. Yet there are still bedeviling problems.,"President Joe Biden is leaving his successor Donald Trump a strong economy, possibly the best presidential handoff since George W. Bush took office in 2001.
Unemployment is low, COVID-era disruption… [+5011 chars]"
2025-01-18T14:48:03Z,"SHAREHOLDER ALERT: Faruqi & Faruqi, LLP Investigates Claims on Behalf of Investors of Five9","SHAREHOLDER ALERT: Faruqi & Faruqi, LLP Investigates Claims on Behalf of Investors of Five9","Faruqi &amp; Faruqi, LLP Securities Litigation Partner James (Josh) Wilson Encourages Investors Who Suffered Losses Exceeding $75,000 In Five9 (NASDAQ:FIVN) To Contact Him Directly To Discuss Their O… [+3932 chars]"
2025-01-18T14:46:26Z,These Were the 5 Worst-Performing Stocks in the S&P 500 in 2024,"In This Article:
Returning 25% in 2024, the S&P 500 delivered a record-breaking year for stock market investors. A resilient global economy coupled with interest rate cuts by the Federal Reserve continues to fuel optimism toward a strong outlook. Investors ha…","In This Article:Returning 25% in 2024, the S&amp;P 500 delivered a record-breaking year for stock market investors. A resilient global economy coupled with interest rate cuts by the Federal Reserve c… [+154 chars]"
2025-01-18T14:35:21Z,"Trump is a ‘wild card’ for the stock market, this trader says. He’s buckling up","Volatility is the “new norm,” market pro Jeff Bierman predicts.","Volatility is the new norm, market pro Jeff Bierman predicts.
This story appeared on marketwatch.com, 2025-01-18 13:29:00."
2025-01-18T14:27:00Z,Why REITs Are Set To Bounce In 2025,Real estate investment trusts (REITs) are making a comeback from their post-pandemic downturn and we’ve got a chance to buy at attractive discounts.,"Personal portfolio and online wealth management
getty
Real estate investment trusts (REITs) are making a comeback from their post-pandemic downturnand with the sector still lagging the stock market… [+6247 chars]"
2025-01-18T14:20:51Z,Truist Financial (NYSE:TFC) Price Target Raised to $51.00 at Raymond James,Truist Financial (NYSE:TFC – Get Free Report) had its price target hoisted by Raymond James from $47.00 to $51.00 in a research report issued to clients and investors on Thursday. The firm currently has an “overweight” rating on the insurance provider’s stock…,Truist Financial (NYSE:TFC – Get Free Report) had its price target hoisted by Raymond James from $47.00 to $51.00 in a research report issued to clients and investors on Thursday. The firm currently … [+6177 chars]
2025-01-18T14:13:20Z,This AI stock has become analysts’ top pick for 2025,"Many analysts anticipate that artificial intelligence software will take flight in 2025, with several companies poised to benefit from the surge in interest.
Bank of America said in a Jan. 14 research note that although the U.S. software market grew 59% in 20…","Many analysts anticipate that artificial intelligence software will take flight in 2025, with several companies poised to benefit from the surge in interest.Bank of America said in a Jan. 14 research… [+137 chars]"
2025-01-18T14:12:04Z,"SHAREHOLDER ALERT: Faruqi & Faruqi, LLP Investigates Claims on Behalf of Investors of Enphase Energy","SHAREHOLDER ALERT: Faruqi & Faruqi, LLP Investigates Claims on Behalf of Investors of Enphase Energy","Faruqi &amp; Faruqi, LLP Securities Litigation Partner James (Josh) Wilson Encourages Investors Who Suffered Losses Exceeding $100,000 In Enphase Energy (NASDAQ:ENPH) To Contact Him Directly To Discu… [+5885 chars]"
2025-01-18T14:02:06Z,JESSICA TARLOV: 11 Biden accomplishments we can't ignore as Trump takes office,"As we prepare to welcome Donald Trump back to the White House, it’s important to not lose sight of all that has been accomplished during the Biden-Harris administration.","Join Fox News for access to this content
Plus special access to select articles and other premium content with your account - free of charge.
By entering your email and pushing continue, you are ag… [+5038 chars]"
2025-01-18T14:01:57Z,Why passive investing is best for almost everyone saving for retirement,Passive indexes routinely clobber funds actively managed by professional stock pickers. Last year was no exception.,"Investing in market-tracking index mutual funds, known as passive investing, gets brandished as boring.But the truth is in the returns: Index funds routinely clobber funds actively managed by profess… [+7774 chars]"
2025-01-18T14:00:16Z,California Bans Insurance Policy Cancellations In Boost To Property Owners. The Insurance Industry Prepares For Record-Breaking Losses,The yearlong ban that California’s insurance authority rushed to impose on cancellations in parts of Los Angeles hardest hit by wildfires was likely the last...,"California Bans Insurance Policy Cancellations In Boost To Property Owners. The Insurance Industry Prepares For Record-Breaking Losses
Benzinga and Yahoo Finance LLC may earn commission or revenue o… [+5443 chars]"
2025-01-18T14:00:08Z,"SHAREHOLDER ALERT: Faruqi & Faruqi, LLP Investigates Claims on Behalf of Investors of Visa","SHAREHOLDER ALERT: Faruqi & Faruqi, LLP Investigates Claims on Behalf of Investors of Visa","Faruqi &amp; Faruqi, LLP Securities Litigation Partner James (Josh) Wilson Encourages Investors Who Suffered Losses Exceeding $100,000 In Visa To Contact Him Directly To Discuss Their Options
If you… [+4005 chars]"
2025-01-18T14:00:00Z,"Nvidia stock bleeds, Bitcoin bounces back, and Jamie Dimon's view: Markets news roundup",Banking giant JPMorgan (JPM) has forecastedthe next wave of cryptocurrency exchange-traded funds (ETFs)—focusing on Solana and XRP—could experience substantial growth if the U.S. Securities and Exchange Commission (SEC) gives the green light. Read more...,"The S&amp;P 500 is close to erasing all the gains it notched since Donald Trumps election victory.
As of market close on Monday, the S&amp;P 500 was up just 0.92% since Nov. 5 the day Trump clinched… [+202 chars]"
2025-01-18T13:56:33Z,F&O Strategy: Buy Lodha call option,"Neutral outlook for Macrotech Developers (Lodha) stock with support at ₹1,065 and resistance at ₹1,425, consider 1,200-strike call option.","The near-term outlook for the stock of Macrotech Developers (Lodha) (1,176.95) remains neutral. It finds major support at 1,065 and a resistance at 1,425.
While the short-term support appears at 1,1… [+1345 chars]"
2025-01-18T13:43:07Z,"Metal, Auto, IT, Financial Services, Healthcare, Consumer Durables: Which sector can outperform in 2025?","Indian benchmark indices underperformed in 2024, but certain sectors like Healthcare and Pharma outperformed, offering investment opportunities in 2025.","The Indian benchmark indices, the Sensex and Nifty 50, were up a little over 8 per cent each in 2024. This rise was much lower than the 20 per cent surge seen in the previous year 2023. But, if we lo… [+8886 chars]"
2025-01-18T13:40:00Z,"ROSEN, THE FIRST FILING FIRM, Encourages Joint Stock Company Kaspi.kz Investors to Secure Counsel Before Important Deadline in Securities Class Action First Filed by the Firm – KSPI","NEW YORK, Jan. 18, 2025 (GLOBE NEWSWIRE) -- WHY: Rosen Law Firm, a global investor rights law firm, reminds purchasers of securities of Joint Stock Company Kaspi.kz (NASDAQ: KSPI) between January 19, 2024 and September 19, 2024, both dates inclusive (the “Cla…","NEW YORK, Jan. 18, 2025 (GLOBE NEWSWIRE) -- 
WHY: Rosen Law Firm, a global investor rights law firm, reminds purchasers of securities of Joint Stock Company Kaspi.kz (NASDAQ: KSPI) between January 1… [+3945 chars]"
2025-01-18T13:34:52Z,"FPIs continue equity selling spree, outflows touch ₹44,396 crore till Jan 17",Foreign Portfolio Investors (FPIs) continue selling spree in Indian equities amid rising US yields and dollar strength.,"Amid rising U.S. yields driven by a strengthening dollar and ahead of US President-elect Donald Trumps inauguration, Foreign Portfolio Investors (FPIs) extended their selling spree in Indian equities… [+3339 chars]"
2025-01-18T13:34:52Z,"FPIs continue equity selling spree, outflows touch ₹44,396 crore till Jan 17",Foreign Portfolio Investors (FPIs) continue selling spree in Indian equities amid rising US yields and dollar strength.,"Amid rising U.S. yields driven by a strengthening dollar and ahead of US President-elect Donald Trumps inauguration, Foreign Portfolio Investors (FPIs) extended their selling spree in Indian equities… [+3339 chars]"
2025-01-18T13:30:00Z,Trump offered a bountiful batch of campaign promises that come due on Day 1,"""Your head will spin when you see what's going to happen,"" Trump said. Here's a closer look at what he promised to do on Day 1.","After Donald Trump becomes president again, he is on the hook for achieving a hefty chunk of his campaign promises even before the day is out. One of those promises is to make you dizzy.
""Your head … [+48900 chars]"
2025-01-18T13:30:00Z,Trump offered a bountiful batch of campaign promises that come due on Day 1,"""Your head will spin when you see what's going to happen,"" Trump said. Here's a closer look at what he promised to do on Day 1.","After Donald Trump becomes president again, he is on the hook for achieving a hefty chunk of his campaign promises even before the day is out. One of those promises is to make you dizzy.
""Your head … [+48432 chars]"
2025-01-18T13:30:00Z,"I Tried the New Lay’s Potato Chip Flavor, and I Get Why Fans Have Been Begging for It for Years","This is a chip for maximalists. 
READ MORE...","We independently select these products—if you buy from one of our links, we may earn a commission. All prices were accurate at the time of publishing.
If youre as into the world of snacking and chip… [+2692 chars]"
2025-01-18T13:24:03Z,"SHAREHOLDER ALERT: Faruqi & Faruqi, LLP Investigates Claims on Behalf of Investors of DMC","SHAREHOLDER ALERT: Faruqi & Faruqi, LLP Investigates Claims on Behalf of Investors of DMC","Faruqi &amp; Faruqi, LLP Securities Litigation Partner James (Josh) Wilson Encourages Investors Who Suffered Losses Exceeding $75,000 In DMC To Contact Him Directly To Discuss Their Options
If you s… [+4543 chars]"
2025-01-18T13:23:45Z,Irenic takes a position at KBR. Here’s how the activist may help improve shareholder value,Activist Irenic Capital Management has a stake in government contractor KBR.,"Business: KBR provides scientific, technology and engineering solutions to governments and companies around the world. The company operates through two segments: Government Solutions and Sustainable … [+7854 chars]"
2025-01-18T13:08:03Z,CAPRI HOLDINGS (CPRI) Investors are Notified the Company has been Sued for Securities Fraud and are Urged to Contact BFA Law by February 21,CAPRI HOLDINGS (CPRI) Investors are Notified the Company has been Sued for Securities Fraud and are Urged to Contact BFA Law by February 21,"New York, New York--(Newsfile Corp. - January 18, 2025) - Leading securities law firm Bleichmar Fonti &amp; Auld LLP announces that a lawsuit has been filed against Capri Holdings Limited (NYSE: NYSE… [+3835 chars]"
2025-01-18T13:06:47Z,4 Reasons to Buy Lucid Motors Stock in 2025... And 2 Reasons to Stay Far Away,"Your browser of choice has not been tested for use with Barchart.com. If you have issues, please download one of the browsers listed here.
Join Barchart Premier to get Screeners that run automatically with the results emailed to you!
FREE 30 Day Trial
- Marke…","Your browser of choice has not been tested for use with Barchart.com. If you have issues, please download one of the browsers listed here.Join Barchart Premier to get Screeners that run automatically… [+137 chars]"
2025-01-18T13:05:21Z,"Amazon - Bombay Market White Basmati Rice, 4lb $14.24","Save on this Bombay Market White Basmati Rice, 4lb with no Amazon coupon required. Click through to score it for $14.24 or less with free shipping when you select subscribe & save. Be sure to cancel S&S if you don't want more delivered later.<br /><br /><stro…","Stock up on essential pantry items &amp; save big! From pasta &amp; rice to canned goods &amp; snacks, find unbeatable deals on everyday ingredients for your kitchen."
2025-01-18T13:00:53Z,Flying taxis are on the horizon as aviation soars into a new frontier,“We are just a few steps from the finish line. We want to turn what are now one- and two-hour trips into five-minute trips.”,"SAN FRANCISCO — When he was still a boy making long, tedious trips between his school and his woodsy home in the mountains during the 1980s, JoeBen Bevirt began fantasizing about flying cars that cou… [+6560 chars]"
2025-01-18T13:00:17Z,Commerce nominee Lutnick is backer of outlaws’ favorite cryptocurrency,"(Bloomberg) -- To the crypto company Tether, the account was identified only by a 31-character string: TTAHMdqoom4f2VTWniroPWQHcTRZ4ca.Most Read from...","(Bloomberg) To the crypto company Tether, the account was identified only by a 31-character string: TTAHMdqoom4f2VTWniroPWQHcTRZ4ca.Its a cryptocurrency wallet address, one of more than 300 million a… [+14746 chars]"
2025-01-18T13:00:00Z,Buying Airline Stocks: Which Ones Give You Perks as a Shareholder in 2025?,"Discover which airlines offer unique shareholder perks in 2025, enhancing your travel experiences. From discounts with ANA and Japan Airlines to exclusivity with Air France-KLM, find out how your investments can yield more than just financial returns.",Investing in airline stocks has always been a topic of keen interest for travelers and investors alike. The allure of this sector lies not only in its potential for financial returns but also in the … [+16909 chars]
2025-01-18T12:56:04Z,"SHAREHOLDER ALERT: Faruqi & Faruqi, LLP Investigates Claims on Behalf of Investors of Regeneron Pharmaceuticals","SHAREHOLDER ALERT: Faruqi & Faruqi, LLP Investigates Claims on Behalf of Investors of Regeneron Pharmaceuticals","Faruqi &amp; Faruqi, LLP Securities Litigation Partner James (Josh) Wilson Encourages Investors Who Suffered Losses Exceeding $100,000 In Regeneron (NASDAQ:REGN) To Contact Him Directly To Discuss Th… [+5238 chars]"
2025-01-18T12:55:48Z,"US Stock prediction on Donald Trump oath ceremony: Check Donald Trump inauguration impact on Wall street, S&P 500, Dow Jones, Nasdaq",Donald Trump oath ceremony is taking place on January 20 and the inauguration event will have an impact on US stock market.,"Artificial Intelligence(AI)
AI and Analytics based Business Strategy
By - Tanusree De, Managing Director- Accenture Technology Lead, Trustworthy AI Center of Excellence: ATCI
View Program"
2025-01-18T12:55:41Z,Is the stock market open or closed on MLK Day 2025? See holiday schedule,"U.S. stock markets will be closed on Monday, Jan. 20, in observance of the Martin Luther King Jr. Day holiday.
President Ronald Reagan signed the King Holiday Bill into law on Nov. 2, 1983, thus designating the third Monday in January a federal holiday in obs…","U.S. stock markets will be closed on Monday, Jan. 20, in observance of the Martin Luther King Jr. Day holiday.President Ronald Reagan signed the King Holiday Bill into law on Nov. 2, 1983, thus desig… [+142 chars]"
2025-01-18T12:55:39Z,Stock-market rally depends on answer to this ‘real question’ about bond yields,"For stocks, much depends on whether the past week marked a peak in yields or was merely a snapback after getting technically overstretched.","For stocks, much depends on whether the past week marked a peak in yields or was merely a snapback after getting technically overstretched.
This story appeared on marketwatch.com, 2025-01-18 11:55:0… [+1 chars]"
2025-01-18T12:52:49Z,"Thurston Springer Miller Herd & Titak Inc. Purchases 1,249 Shares of Fortinet, Inc. (NASDAQ:FTNT)","Thurston Springer Miller Herd & Titak Inc. boosted its position in shares of Fortinet, Inc. (NASDAQ:FTNT – Free Report) by 2,602.1% in the fourth quarter, according to its most recent filing with the Securities & Exchange Commission. The fund owned 1,297 shar…","Thurston Springer Miller Herd &amp; Titak Inc. boosted its position in shares of Fortinet, Inc. (NASDAQ:FTNT – Free Report) by 2,602.1% in the fourth quarter, according to its most recent filing with… [+5301 chars]"
2025-01-18T12:52:49Z,"25,051 Shares in Johnson & Johnson (NYSE:JNJ) Acquired by R.H. Investment Group LLC","R.H. Investment Group LLC purchased a new stake in Johnson & Johnson (NYSE:JNJ – Free Report) during the 4th quarter, according to its most recent filing with the Securities and Exchange Commission (SEC). The institutional investor purchased 25,051 shares of …","R.H. Investment Group LLC purchased a new stake in Johnson &amp; Johnson (NYSE:JNJ – Free Report) during the 4th quarter, according to its most recent filing with the Securities and Exchange Commissi… [+6507 chars]"
2025-01-18T12:47:27Z,UBS Group Forecasts Strong Price Appreciation for JPMorgan Chase & Co. (NYSE:JPM) Stock,"JPMorgan Chase & Co. (NYSE:JPM) had its target price boosted by equities research analysts at UBS Group from $276.00 to $287.00 in a report issued on Thursday,Benzinga reports. The firm currently has a “buy” rating on the financial services provider’s stock. …","JPMorgan Chase &amp; Co. (NYSE:JPM) had its target price boosted by equities research analysts at UBS Group from $276.00 to $287.00 in a report issued on Thursday,Benzinga reports. The firm currently… [+6122 chars]"
2025-01-18T12:40:06Z,"SHAREHOLDER ALERT: Faruqi & Faruqi, LLP Investigates Claims on Behalf of Investors of Cassava","SHAREHOLDER ALERT: Faruqi & Faruqi, LLP Investigates Claims on Behalf of Investors of Cassava","Faruqi &amp; Faruqi, LLP Securities Litigation Partner James (Josh) Wilson Encourages Investors Who Suffered Losses Exceeding $75,000 In Cassava To Contact Him Directly To Discuss Their Options
If y… [+3752 chars]"
2025-01-18T12:39:12Z,Mutual funds average AUM surges 27% in December quarter on the back of strong NFOs and SIP inflows,Mutual fund industry fund collection through new fund offers increased a whopping 85 per cent to ₹1.18 lakh crore,"Thanks to the robust new fund offers (NFO) and steady inflows through systematic investment plan (SIP), mutual funds have made most of the bullish sentiments in the stock market with their average as… [+2111 chars]"
2025-01-18T12:36:10Z,"SHAREHOLDER ALERT: Faruqi & Faruqi, LLP Investigates Claims on Behalf of Investors of Capri Holdings","SHAREHOLDER ALERT: Faruqi & Faruqi, LLP Investigates Claims on Behalf of Investors of Capri Holdings","Faruqi &amp; Faruqi, LLP Securities Litigation Partner James (Josh) Wilson Encourages Investors Who Suffered Losses Exceeding $100,000 In Capri To Contact Him Directly To Discuss Their Options
If yo… [+4484 chars]"
2025-01-18T12:33:27Z,This Is One of the Largest Companies in the World...and the Stock Is an Absolute Bargain,"There are 10 companies in the world that currently have a market cap of more than $1 trillion. It would be reasonable to assume that none of these businesses have bargain stocks. These companies are very well known, and their valuations prove that huge swaths…",There are 10 companies in the world that currently have a market cap of more than $1 trillion. It would be reasonable to assume that none of these businesses have bargain stocks. These companies are … [+142 chars]
2025-01-18T12:30:53Z,Is the stock market open or closed on MLK Day 2025? See holiday schedule,,"If you click 'Accept all', we and our partners, including 239 who are part of the IAB Transparency &amp; Consent Framework, will also store and/or access information on a device (in other words, use … [+703 chars]"
2025-01-18T12:27:01Z,"I'm a financial writer, but I'm not teaching my teenagers about investing. It's hard to get excited about stocks before you have an income.","I'm a financial writer with two teenagers. Instead of teaching them how to invest, I'm focusing on financial values.","The author (not pictured) is a financial writer but isn't teaching his kids about investing yet.Imgorthand/Getty Images
<ul><li>I'm a financial writer, but I'm not teaching my kids how to invest yet… [+4119 chars]"
2025-01-18T12:23:45Z,"Forget Prismatic Evolutions, I'm Buying These UK Silver Tempest Deals","Single card values are blasting off again, so it's a great time to buy Silver Tempest whilst it's in stock.","Whilst Pokémon TCG trainers are scrambling to find Prismatic Evolutions this weekend, I'm thinking outside Bills PC Box by looking at older sets that are still available for RRP. Silver Tempest is in… [+3842 chars]"
2025-01-18T12:17:54Z,"Calculating The Intrinsic Value Of J.B. Hunt Transport Services, Inc. (NASDAQ:JBHT)",Key Insights J.B. Hunt Transport Services' estimated fair value is US$179 based on 2 Stage Free Cash Flow to Equity...,"In this article we are going to estimate the intrinsic value of J.B. Hunt Transport Services, Inc. (NASDAQ:JBHT) by estimating the company's future cash flows and discounting them to their present va… [+6409 chars]"
2025-01-18T12:03:01Z,DOGE is yet another responsibility on Elon Musk's plate. That doesn't faze these Tesla investors.,Elon Musk has his work cut out for him as DOGE kicks into gear. Many shareholders aren't worried about him losing focus on Tesla.,A dozen Tesla shareholders talked with BI about how they felt about Elon Musk's latest job: working with the Trump administration to cut costs across the federal government.Spencer Platt/Getty Images… [+7536 chars]
2025-01-18T12:02:23Z,Secret UK 'mini cabinet' tries to plan for unpredictable Trump,"On security and on the economy, Westminster feels both worry and hope as Donald Trump heads back to the White House.","""Everybody's nervous because they simply don't know what he is going to do.""
That is the basic truth about Trump for governments, business bosses, military chiefs, and maybe you feel it too as he ge… [+11534 chars]"
2025-01-18T12:00:00Z,USD/JPY Forecast: Trump and BoJ Set to Spark Volatility Amid Yield Disconnect,"USD/JPY’s usual ties to Treasury yields are wilting, leaving the pair at the mercy of Trump’s tariff moves and the BoJ’s rate decision. With key levels in play and volatility brewing, this will set you up for the week ahead.","<ul><li>USD/JPY has decoupled from US Treasury yields, creating uncertainty</li><li>Trump inauguration may trigger significant market volatility, depending on tariff decisions</li><li>BoJ’s rate deci… [+7321 chars]"
2025-01-18T11:41:27Z,Why investors can home in on this large realty player,"At ₹1,178, the stock trades at 24 times its per share earnings for FY26, making it a reasonable bet for investors with a two-three year perspective","In the last three-four years, Indias realty segment has bounced back strongly after a prolonged period of lull (seven-eight years) before 2021. As the strong demand for larger houses post-Covid and h… [+4688 chars]"
2025-01-18T11:34:50Z,"Wedmont Private Capital Has $210,000 Stake in L3Harris Technologies, Inc. (NYSE:LHX)","Wedmont Private Capital lowered its holdings in L3Harris Technologies, Inc. (NYSE:LHX – Free Report) by 10.3% in the fourth quarter, Holdings Channel reports. The firm owned 1,010 shares of the company’s stock after selling 116 shares during the quarter. Wedm…","Wedmont Private Capital lowered its holdings in L3Harris Technologies, Inc. (NYSE:LHX – Free Report) by 10.3% in the fourth quarter, Holdings Channel reports. The firm owned 1,010 shares of the compa… [+6005 chars]"
2025-01-18T11:30:00Z,It’s Time To Buy Bonds—Here’s Why. And How.,These 25 Best Buy bond funds deliver the features you select at a price you can't beat.,"Dramatic move this month from Vanguard Group: Its saying that the classic portfolio of 60% stocks and 40% bonds, with which it has been so enamored for so long, might not be quite right. Consider, it… [+11622 chars]"
2025-01-18T11:30:00Z,What Musk’s Tweets Reveal About His Relationship With China,"As Elon Musk grew Tesla’s business in China, he publicly cozied up to its leaders on his favorite social media platform.","Tesla CEO Elon Musk attends the groundbreaking ceremony of Tesla Shanghai gigafactory on Jan. 7, 2019.
Xinhua News Agency via Getty Images
Earlier this week, reports emerged that Chinas rulers view… [+8040 chars]"
2025-01-18T11:23:58Z,Invesco India Multicap Fund: An equity fund that engages all market-cap segments,"Invesco India Multicap Fund offers true diversification with consistent returns, making it ideal for disciplined long-term investors.","Indian equity markets have been on a roller coaster ride over the last four months. The benchmark indices corrected notably after reaching their all-time peaks in September 2024. For instance, the Ni… [+5475 chars]"
2025-01-18T11:23:26Z,"IPO Calendar: 4 new issues, 7 listings to keep primary markets busy next week","Four new IPOs will open next week, including three in the SME segment, with a strong primary market momentum forecasted. The Denta Water and Infra IPO opens on January 22.","(What's moving Sensex and Nifty Track latest market news, stock tips, Budget 2024 and expert advice, on ETMarkets. Also, ETMarkets.com is now on Telegram. For fastest news alerts on financial markets… [+317 chars]"
2025-01-18T11:07:05Z,"SeaCrest Wealth Management LLC Has $340,000 Position in Cummins Inc. (NYSE:CMI)","SeaCrest Wealth Management LLC grew its holdings in Cummins Inc. (NYSE:CMI – Free Report) by 6.1% during the fourth quarter, according to its most recent 13F filing with the Securities and Exchange Commission (SEC). The firm owned 974 shares of the company’s …","SeaCrest Wealth Management LLC grew its holdings in Cummins Inc. (NYSE:CMI – Free Report) by 6.1% during the fourth quarter, according to its most recent 13F filing with the Securities and Exchange C… [+5399 chars]"
2025-01-18T11:07:05Z,"Fifth Third Wealth Advisors LLC Raises Holdings in Rockwell Automation, Inc. (NYSE:ROK)","Fifth Third Wealth Advisors LLC boosted its stake in Rockwell Automation, Inc. (NYSE:ROK – Free Report) by 6.6% during the fourth quarter, Holdings Channel.com reports. The firm owned 1,229 shares of the industrial products company’s stock after buying an add…","Fifth Third Wealth Advisors LLC boosted its stake in Rockwell Automation, Inc. (NYSE:ROK – Free Report) by 6.6% during the fourth quarter, Holdings Channel.com reports. The firm owned 1,229 shares of… [+6523 chars]"
2025-01-18T11:07:04Z,"Assenagon Asset Management S.A. Sells 343,370 Shares of Spotify Technology S.A. (NYSE:SPOT)","Assenagon Asset Management S.A. reduced its holdings in shares of Spotify Technology S.A. (NYSE:SPOT – Free Report) by 90.3% in the fourth quarter, according to the company in its most recent disclosure with the Securities and Exchange Commission. The fund ow…","Assenagon Asset Management S.A. reduced its holdings in shares of Spotify Technology S.A. (NYSE:SPOT – Free Report) by 90.3% in the fourth quarter, according to the company in its most recent disclos… [+5019 chars]"
2025-01-18T11:07:01Z,"Thurston Springer Miller Herd & Titak Inc. Has $59,000 Holdings in Snowflake Inc. (NYSE:SNOW)","Thurston Springer Miller Herd & Titak Inc. grew its position in Snowflake Inc. (NYSE:SNOW – Free Report) by 31.0% in the 4th quarter, according to the company in its most recent Form 13F filing with the Securities and Exchange Commission (SEC). The firm owned…","Thurston Springer Miller Herd &amp; Titak Inc. grew its position in Snowflake Inc. (NYSE:SNOW – Free Report) by 31.0% in the 4th quarter, according to the company in its most recent Form 13F filing w… [+4955 chars]"
2025-01-18T11:07:00Z,"Burney Co. Sells 1,576 Shares of CrowdStrike Holdings, Inc. (NASDAQ:CRWD)","Burney Co. lowered its position in CrowdStrike Holdings, Inc. (NASDAQ:CRWD – Free Report) by 42.1% in the fourth quarter, Holdings Channel.com reports. The fund owned 2,171 shares of the company’s stock after selling 1,576 shares during the period. Burney Co.…","Burney Co. lowered its position in CrowdStrike Holdings, Inc. (NASDAQ:CRWD – Free Report) by 42.1% in the fourth quarter, Holdings Channel.com reports. The fund owned 2,171 shares of the company’s st… [+5719 chars]"
2025-01-18T11:07:00Z,"Burney Co. Has $701,000 Position in Bank OZK (NASDAQ:OZK)","Burney Co. cut its position in Bank OZK (NASDAQ:OZK – Free Report) by 21.2% during the 4th quarter, according to the company in its most recent disclosure with the SEC. The firm owned 15,753 shares of the company’s stock after selling 4,232 shares during the …","Burney Co. cut its position in Bank OZK (NASDAQ:OZK – Free Report) by 21.2% during the 4th quarter, according to the company in its most recent disclosure with the SEC. The firm owned 15,753 shares o… [+4630 chars]"
2025-01-18T10:58:51Z,Lululemon Athletica (NASDAQ:LULU) Price Target Raised to $420.00,"Lululemon Athletica (NASDAQ:LULU – Free Report) had its target price upped by Morgan Stanley from $414.00 to $420.00 in a research report released on Wednesday morning,Benzinga reports. Morgan Stanley currently has an overweight rating on the apparel retailer…","Lululemon Athletica (NASDAQ:LULU – Free Report) had its target price upped by Morgan Stanley from $414.00 to $420.00 in a research report released on Wednesday morning,Benzinga reports. Morgan Stanle… [+5683 chars]"
2025-01-18T10:56:02Z,"FPIs net sell domestic equities worth Rs 44,396 crore so far in January","Foreign Portfolio Investors (FPIs) have sold Indian equities worth Rs 44,396 crore in January, contributing to market declines. Despite a reversal in December, they remain net sellers, with potential for a change after U.S. macroeconomic signals.","Foreign Portfolio Investors (FPIs) net sold Indian equities worth Rs 44,396 crore so far in January. On Friday, the FIIs off-loaded domestic stocks worth Rs 3,318.06 crore triggering a fall in the ma… [+1915 chars]"
